,ticker,industry,market_cap,2022-01-04,2022-01-05,2022-01-06,2022-01-07,2022-01-10,2022-01-11,2022-01-12,2022-01-13,2022-01-14,2022-01-17,2022-01-18,2022-01-19,2022-01-20,2022-01-21,2022-01-24,2022-01-25,2022-01-26,2022-01-27,2022-01-28,2022-02-07,2022-02-08,2022-02-09,2022-02-10,2022-02-11,2022-02-14,2022-02-15,2022-02-16,2022-02-17,2022-02-18,2022-02-21,2022-02-22,2022-02-23,2022-02-24,2022-02-25,2022-02-28,2022-03-01,2022-03-02,2022-03-03,2022-03-04,2022-03-07,2022-03-08,2022-03-09,2022-03-10,2022-03-11,2022-03-14,2022-03-15,2022-03-16,2022-03-17,2022-03-18,2022-03-21,2022-03-22,2022-03-23,2022-03-24,2022-03-25,2022-03-28,2022-03-29,2022-03-30,2022-03-31,2022-04-01,2022-04-04,2022-04-05,2022-04-06,2022-04-07,2022-04-08,2022-04-12,2022-04-13,2022-04-14,2022-04-15,2022-04-18,2022-04-19,2022-04-20,2022-04-21,2022-04-22,2022-04-25,2022-04-26,2022-04-27,2022-04-28,2022-04-29,2022-05-04,2022-05-05,2022-05-06,2022-05-09,2022-05-10,2022-05-11,2022-05-12,2022-05-13,2022-05-16,2022-05-17,2022-05-18,2022-05-19,2022-05-20,2022-05-23,2022-05-24,2022-05-25,2022-05-26,2022-05-27,2022-05-30,2022-05-31,2022-06-01,2022-06-02,2022-06-03,2022-06-06,2022-06-07,2022-06-08,2022-06-09,2022-06-10,2022-06-13,2022-06-14,2022-06-15,2022-06-16,2022-06-17,2022-06-20,2022-06-21,2022-06-22,2022-06-23,2022-06-24,2022-06-27,2022-06-28,2022-06-29,2022-06-30
0,AAA,Vật liệu,3737.67,0.0,1.21,8.21,10.14,2.66,-3.38,-5.31,-11.84,-11.35,-17.39,-14.98,-15.94,-12.8,-14.25,-20.05,-17.87,-20.05,-19.81,-20.29,-16.18,-15.94,-14.25,-14.01,-13.53,-16.18,-15.94,-13.04,-12.8,-12.56,-9.9,-12.8,-12.32,-15.22,-14.01,-14.73,-13.04,-14.73,-10.63,-11.11,-12.8,-14.49,-15.22,-14.49,-14.01,-16.91,-16.18,-14.49,-14.73,-14.98,-14.01,-14.01,-12.56,-6.52,-7.73,-8.21,-6.28,-10.14,-9.66,-7.73,-9.42,-9.66,-11.35,-15.46,-15.46,-19.57,-16.43,-16.91,-18.36,-23.43,-28.74,-30.92,-33.82,-33.33,-37.92,-35.75,-34.78,-34.54,-32.13,-33.33,-35.27,-37.92,-42.03,-41.06,-40.1,-44.2,-48.07,-47.83,-44.2,-43.0,-43.0,-41.55,-42.51,-42.03,-39.13,-38.41,-38.89,-38.41,-39.13,-39.61,-39.86,-39.86,-40.82,-41.79,-39.86,-35.75,-38.16,-42.03,-41.06,-42.75,-43.0,-46.86,-50.24,-46.86,-45.17,-43.48,-43.0,-42.51,-42.03,-42.75,-45.41
1,ACB,Tài chính,81227.31,0.0,-2.03,-1.89,-3.2,-4.07,-4.8,-3.78,-3.05,-3.92,-4.8,-4.65,-4.07,-4.36,-2.76,-0.15,1.31,3.05,1.45,0.44,0.87,3.92,3.49,3.34,3.78,-1.16,0.29,-0.58,-0.29,-1.6,0.0,0.87,0.58,0.15,-0.15,-1.45,-1.6,-4.36,-2.76,-0.29,-3.34,-5.23,-4.94,-4.36,-4.94,-4.94,-4.65,-4.65,-4.65,-4.65,-4.22,-3.2,-3.49,-4.36,-4.94,-5.96,-5.96,-5.23,-3.92,-2.91,-2.62,-4.07,-3.49,-2.33,-1.6,-2.76,-2.18,-1.74,-2.47,-4.65,-7.99,-7.27,-8.43,-6.1,-11.34,-10.17,-10.17,-9.88,-4.94,-7.7,-7.85,-9.88,-11.05,-10.47,-8.14,-14.24,-20.06,-19.77,-14.97,-15.84,-16.86,-15.55,-17.3,-16.28,-12.79,-11.77,-7.56,-7.12,-8.28,-9.59,-26.31,-26.45,-26.45,-27.47,-25.29,-25.15,-26.74,-30.52,-29.94,-31.4,-29.94,-32.85,-33.43,-33.14,-30.96,-30.96,-30.81,-30.38,-28.78,-29.65,-30.23
2,ANV,Nông nghiệp,6817.54,0.0,5.13,3.81,3.52,-1.91,-6.16,-8.65,-10.85,-11.14,-16.72,-17.6,-14.96,-11.88,-12.46,-18.48,-16.72,-19.35,-18.77,-20.23,-16.42,-10.7,-10.26,-10.7,-10.26,-4.11,-3.23,-0.59,0.59,1.76,1.17,1.17,5.28,2.64,3.37,6.74,9.68,15.25,15.25,15.1,15.1,10.41,13.34,21.26,21.7,21.7,21.7,21.7,17.74,16.72,18.91,18.77,21.7,24.63,26.1,31.38,28.45,29.91,28.3,24.34,25.22,26.69,26.1,18.18,16.72,17.89,19.35,20.23,28.59,37.54,33.72,42.96,39.3,29.62,20.67,14.66,22.58,26.1,34.9,39.0,33.43,42.67,32.7,41.94,40.76,30.94,21.85,13.34,21.26,23.17,23.17,19.79,24.34,29.03,37.98,39.3,48.97,54.55,54.84,65.4,67.16,78.3,65.98,73.61,67.16,72.14,60.12,49.85,60.12,71.26,82.99,86.8,80.94,68.33,56.6,67.45,67.16,68.62,56.89,64.22,55.43
3,APH,Vật liệu,2975.39,0.0,-1.33,-1.06,-1.73,-4.52,-8.37,-7.84,-9.83,-9.83,-12.22,-13.68,-16.07,-16.33,-15.01,-17.93,-17.8,-16.07,-17.66,-17.13,-14.21,-12.08,-8.9,-22.05,-21.65,-25.1,-24.17,-24.04,-23.51,-24.04,-24.04,-25.23,-25.37,-28.82,-28.55,-30.28,-28.29,-28.82,-28.02,-28.95,-30.01,-30.28,-31.08,-31.74,-32.93,-34.13,-33.86,-29.35,-29.08,-31.47,-30.68,-30.15,-28.55,-23.64,-20.05,-22.18,-18.99,-24.04,-26.16,-22.97,-23.77,-25.23,-26.43,-30.28,-29.22,-32.01,-30.54,-31.61,-33.86,-38.38,-42.63,-46.61,-50.33,-48.87,-52.32,-51.39,-50.73,-51.13,-49.67,-50.46,-51.66,-54.98,-58.03,-57.5,-57.1,-60.03,-62.82,-65.34,-62.95,-61.75,-62.28,-61.75,-61.75,-61.75,-59.1,-56.31,-56.31,-56.57,-57.77,-56.97,-58.17,-58.96,-61.49,-60.82,-59.63,-58.17,-60.16,-62.95,-64.54,-66.93,-66.93,-69.06,-71.18,-71.58,-69.72,-69.06,-67.6,-66.93,-66.0,-66.0,-68.13
4,AST,Công nghiệp - Hàng không,2605.5,0.0,0.56,0.56,-0.38,0.19,-0.94,-1.32,-0.75,-3.2,-1.88,-1.88,-1.88,-2.26,-2.63,-3.57,-3.01,-2.07,-0.56,-0.56,6.39,9.77,8.27,7.52,6.77,9.02,9.77,10.15,12.78,18.23,20.49,20.3,18.23,14.1,17.48,14.66,13.72,11.28,11.84,12.78,11.65,10.53,12.78,15.6,15.79,16.17,16.17,14.29,14.29,12.41,12.41,12.78,12.78,12.97,12.78,12.22,12.78,12.22,13.16,13.72,19.55,21.24,22.93,20.3,22.56,24.06,26.88,23.87,21.8,27.82,24.06,21.24,17.48,15.98,10.9,15.98,15.04,14.66,17.29,16.73,16.54,15.23,7.33,8.08,8.27,2.44,-4.7,-0.38,5.26,3.38,3.57,0.56,3.38,3.38,3.38,4.32,4.51,3.38,4.7,3.95,3.57,4.14,4.14,4.7,4.51,9.02,9.02,4.7,6.2,6.95,7.52,8.83,8.46,5.26,5.26,6.58,5.45,9.96,10.34,9.59,8.83
5,BAF,Nông nghiệp,5008.85,0.0,6.94,14.22,22.18,23.55,21.27,29.69,38.57,36.75,35.38,36.52,37.88,34.93,32.65,23.55,25.14,23.78,22.64,22.41,25.14,26.28,24.0,26.05,25.14,24.69,23.09,29.24,34.02,31.97,29.69,25.14,28.56,28.1,31.74,29.69,29.01,30.83,39.93,42.66,41.52,34.7,34.47,34.93,40.61,42.21,45.39,42.21,46.3,44.94,41.98,40.61,41.3,42.43,43.12,41.07,40.61,36.52,41.07,42.21,42.21,41.98,40.16,37.66,36.06,36.06,41.75,39.48,38.57,38.57,37.43,29.69,31.06,29.69,20.82,21.05,29.47,32.42,32.2,31.74,27.65,25.6,-32.08,-27.42,-24.69,-26.28,-27.19,-24.46,-20.59,-21.73,-21.96,-21.27,-21.27,-15.81,-12.86,-13.77,-14.33,-14.11,-19.68,-17.41,-21.27,-23.78,-27.3,-23.89,-22.64,-24.91,-26.96,-31.85,-31.74,-29.69,-29.69,-30.38,-31.63,-31.74,-30.38,-30.94,-30.38,-25.6,-23.09,-23.32,-24.46
6,BCM,Bất động sản - Xây dựng,65412.0,0.0,0.3,7.29,14.74,6.84,14.29,21.43,18.39,15.5,7.45,3.34,7.9,14.59,14.44,9.42,17.02,17.33,17.63,20.36,21.12,23.1,22.8,22.8,20.21,19.91,24.62,24.32,28.42,27.2,25.23,24.16,26.44,25.99,24.77,20.06,16.87,19.3,21.58,19.91,16.41,13.68,8.66,11.55,10.03,7.45,10.18,12.46,12.46,15.5,16.87,15.2,15.05,13.37,12.31,10.18,9.42,9.42,11.55,10.18,12.16,12.92,13.22,10.33,12.46,12.46,15.2,16.72,20.06,21.28,21.43,16.26,10.94,14.74,16.26,19.0,18.84,26.14,30.55,27.66,30.7,22.34,13.83,21.73,28.72,19.76,11.4,3.65,6.38,13.83,15.2,15.5,8.05,12.46,13.37,13.07,11.7,10.94,11.09,11.4,9.57,8.66,5.32,8.51,9.42,9.42,7.9,3.34,3.34,1.98,4.86,2.89,-1.06,-3.34,-5.78,-3.8,-5.32,-5.62,-4.26,-1.98,1.82
7,BHN,Hàng tiêu dùng,12076.78,0.0,0.82,0.0,0.82,-0.82,-0.82,-1.15,-1.15,-1.15,-2.13,-8.2,-1.97,-6.23,-2.79,-3.44,-3.28,-6.07,-1.8,-1.64,0.0,2.95,2.79,0.98,-1.64,-0.33,0.16,0.0,0.0,-1.64,-1.64,-2.46,-1.97,-3.28,-3.11,-1.97,-3.28,-2.46,-2.46,-2.46,-2.46,-3.28,-4.92,-3.61,-5.08,-5.74,-4.26,-4.75,-3.28,-3.28,-3.61,-4.1,-2.46,-3.28,-2.62,-2.46,-2.46,-2.79,-3.28,-2.79,-2.62,-2.62,-2.62,-3.93,-4.75,-4.43,-4.26,-4.75,-4.43,-4.1,-4.92,-4.59,-7.05,-6.39,-3.61,-8.36,-4.92,-4.92,-4.92,-6.07,-5.74,-4.75,-8.03,-9.02,-8.03,-7.87,-7.05,-10.0,-9.02,-10.49,-10.49,-11.48,-9.02,-10.0,-9.51,-9.02,-10.66,-10.66,-10.98,-9.34,-10.98,-9.51,-9.84,-9.84,-11.48,-11.48,-9.84,-11.31,-9.84,-9.84,-10.0,-12.62,-13.11,-10.49,-11.31,-11.31,-11.31,-12.13,-12.79,-12.79,-13.61
8,BID,Tài chính,177301.26,0.0,-0.94,1.6,4.81,3.88,5.35,12.7,17.65,18.32,16.71,20.05,16.98,18.72,26.6,25.4,31.02,28.61,27.27,28.21,26.74,26.6,29.41,29.41,28.07,19.65,23.53,20.72,22.99,19.52,20.99,22.99,21.93,19.25,19.12,16.84,17.91,13.5,14.44,15.78,12.97,11.23,8.29,9.49,11.9,10.43,12.57,11.23,16.31,17.38,17.11,16.31,16.04,15.24,16.18,11.23,13.37,16.44,16.31,18.58,18.32,15.78,16.31,15.11,12.03,8.16,9.36,8.29,5.08,1.47,1.47,1.47,2.94,2.94,-4.14,-1.34,-0.53,-1.87,-0.4,-0.4,2.14,-1.07,-7.89,-4.28,-3.48,-10.16,-14.97,-13.9,-7.89,-6.68,-7.35,-7.75,-10.83,-9.76,-6.68,-6.15,-5.61,-4.41,-5.61,-6.02,-7.22,-8.16,-8.56,-10.16,-8.29,-7.75,-9.63,-14.57,-13.64,-14.44,-13.64,-15.51,-21.12,-18.98,-18.45,-17.11,-16.58,-15.11,-10.03,-6.68,-10.43
9,BVH,Tài chính,39417.34,0.0,-0.53,-1.23,-2.28,-3.87,-5.45,-5.1,-5.1,-4.75,-7.38,-9.31,-9.14,-8.08,-7.73,-10.19,-9.31,-6.85,-5.45,-4.39,-2.46,-2.64,-1.76,-2.64,-3.16,-4.75,-3.69,0.88,0.0,0.7,0.53,-1.05,1.23,3.69,3.69,3.87,5.1,3.69,3.69,4.92,3.51,2.64,-0.88,0.88,0.18,-3.16,-3.16,-1.23,-1.23,-1.41,2.81,2.81,3.69,3.34,2.81,2.81,7.91,8.44,8.08,11.42,11.78,12.13,14.59,13.18,11.6,5.45,11.25,9.84,17.4,17.4,15.47,12.48,16.87,10.72,2.99,8.79,8.08,5.45,9.14,10.72,12.48,12.13,4.39,5.45,2.81,-4.22,-10.9,-15.82,-10.02,-10.9,-11.95,-11.78,-10.72,-10.54,-7.21,-5.98,-5.8,-5.98,-7.56,-7.03,-4.92,-4.75,-4.92,-1.41,-2.64,-3.34,-5.45,-11.95,-9.67,-9.67,-7.91,-9.49,-11.42,-9.49,-10.19,-7.38,-3.69,-3.16,-1.05,-3.34,-7.73
10,BWE,Dịch vụ,9858.21,0.0,-0.92,-2.07,1.61,1.84,0.92,3.0,4.72,4.72,3.0,1.96,3.23,3.46,3.23,2.07,2.76,2.19,2.07,1.84,1.38,2.76,7.14,9.45,8.06,10.25,10.37,10.14,10.14,9.68,17.28,18.66,18.66,14.06,14.75,12.33,14.06,12.56,13.82,13.82,15.21,13.48,10.83,12.9,9.56,7.14,10.37,13.02,13.13,13.25,14.06,13.48,12.9,16.36,17.51,19.12,22.58,20.97,19.59,20.74,21.89,22.12,24.19,22.12,22.12,22.58,24.42,32.95,35.94,39.17,41.71,35.94,27.88,29.03,23.27,25.12,21.89,19.82,22.81,23.73,23.96,16.59,8.53,14.17,19.59,12.44,10.6,9.68,15.21,14.29,12.44,11.87,11.98,11.75,17.51,14.98,15.67,17.51,18.89,18.66,26.5,27.42,26.96,29.72,32.49,29.72,22.12,14.29,16.59,15.44,17.97,24.19,22.35,17.28,14.06,19.35,17.97,17.51,17.97,19.59,17.51
11,CAV,Công nghiệp - Hàng không,3248.15,0.0,0.17,0.34,0.34,0.17,-1.17,-1.17,0.5,0.5,-0.34,-1.01,-1.17,-1.17,-1.17,-0.34,-2.85,-1.01,0.17,0.17,0.17,1.17,0.67,-1.17,-1.17,-1.34,-0.5,-1.17,-0.34,0.5,-1.17,-1.17,-1.17,-1.17,0.5,-2.01,-1.01,-1.17,-1.01,-0.5,0.5,0.5,0.67,0.67,0.67,-1.01,0.5,-1.17,-1.17,-1.17,0.5,-1.17,-0.34,0.17,-0.34,-0.34,0.5,-0.34,-0.34,-1.17,-0.34,0.5,-1.17,-0.34,-0.5,-0.34,0.5,-1.17,3.69,5.36,5.53,4.52,4.69,4.86,4.69,4.69,-1.17,-1.68,-2.35,-4.52,-4.36,-6.03,-3.85,-7.2,-4.19,-4.52,-6.2,-9.55,-9.55,-6.2,-5.36,-5.36,-6.2,-6.2,-6.2,-6.2,-6.2,-4.52,-5.36,-5.36,-5.36,-5.36,-2.85,-6.2,-2.01,-2.85,-3.69,-4.52,-4.69,-6.2,-6.2,-6.2,-3.69,-3.69,1.34,-1.68,-1.68,-1.68,-3.35,-6.2,-6.2
12,CDN,Công nghiệp - Hàng không,2682.9,0.0,0.0,-0.34,-0.34,-1.35,-1.35,-1.69,-2.36,-2.03,-5.41,-5.41,-5.41,-4.05,-5.41,-7.43,-7.77,-12.16,-5.74,-10.47,-6.76,-3.72,-4.73,-5.41,-2.36,-2.03,-0.34,-1.35,0.0,-1.35,-1.35,-0.34,-0.68,-1.35,-0.68,-0.68,-0.68,-1.69,5.41,3.38,4.39,0.34,2.36,1.69,1.35,-0.34,-1.69,-0.68,-0.68,-0.34,-0.34,-1.69,0.68,0.68,-0.68,-0.68,-0.34,-2.03,3.38,1.35,0.34,1.01,-0.34,-0.34,-0.34,-1.35,-1.35,1.01,0.0,-1.35,1.01,-3.72,-2.03,-5.41,-3.72,-3.38,-5.41,-1.69,-1.35,-2.36,-5.41,-2.7,-5.41,-5.41,-2.7,-6.76,-10.47,-6.08,-6.08,-7.77,-6.08,-5.41,-5.74,-6.42,-6.08,-1.01,-1.01,-0.34,-6.42,-6.08,-6.76,-7.09,-3.04,-3.04,-4.05,-4.39,-4.39,-8.78,-7.09,-10.47,-8.78,-9.12,-8.78,-4.39,-6.08,-4.39,-5.41,-5.74,-5.74,-5.74,-2.03
13,CHP,Năng lượng,3459.79,0.0,0.0,-1.31,-1.53,-1.31,-3.27,-2.83,-3.05,-3.7,-5.01,-4.58,-4.14,-2.4,-2.4,-5.01,-3.7,-4.14,-4.14,-4.14,-4.14,-4.14,-5.01,-2.61,-2.83,-3.27,-3.27,-3.92,-1.96,-1.96,-3.05,-3.7,-3.49,-3.49,-3.49,-3.49,-3.27,-2.61,-3.49,-3.27,-2.83,-3.7,-3.49,-3.27,-3.27,-2.83,-2.83,-2.18,-2.4,-1.96,-1.96,-1.74,-1.31,-1.31,-1.09,0.0,-0.87,-1.09,0.22,2.18,4.14,4.36,3.92,3.7,3.49,2.4,0.87,0.22,2.4,-0.65,-1.53,-0.87,-0.87,-0.87,-1.53,-1.53,-1.53,0.65,1.09,3.7,3.49,8.93,8.93,11.11,13.29,12.85,3.7,4.58,4.58,6.32,5.88,5.88,4.58,3.27,3.92,4.14,3.49,4.58,9.8,8.06,8.06,4.14,5.45,9.8,10.24,9.8,6.54,5.88,5.88,5.45,8.5,8.5,8.93,7.63,2.83,2.83,4.58,5.66,4.58,5.45,2.4
14,CII,Công nghiệp - Hàng không,4100.04,0.0,6.85,9.27,16.73,8.67,14.11,6.25,-1.11,-7.96,-14.31,-20.26,-25.81,-27.82,-26.21,-31.35,-36.09,-40.52,-44.66,-43.55,-40.93,-45.06,-44.35,-42.64,-45.87,-47.08,-44.96,-41.13,-41.13,-37.1,-32.76,-32.06,-29.33,-32.46,-33.67,-35.08,-32.66,-33.67,-34.17,-32.46,-32.96,-37.3,-38.91,-37.8,-40.02,-41.53,-38.61,-38.1,-38.41,-37.8,-35.58,-31.15,-32.06,-32.26,-33.77,-37.9,-34.88,-39.01,-38.31,-34.48,-36.39,-36.39,-35.48,-36.49,-38.31,-42.54,-41.53,-41.53,-40.32,-43.35,-47.28,-50.91,-54.33,-51.81,-55.14,-53.63,-53.83,-53.43,-52.42,-54.64,-55.65,-58.47,-61.29,-61.29,-58.67,-60.28,-62.9,-62.3,-59.68,-59.68,-60.79,-58.06,-58.06,-55.85,-54.33,-55.75,-55.75,-55.95,-55.24,-55.04,-56.45,-57.36,-59.68,-58.06,-57.06,-57.86,-59.68,-62.5,-62.9,-64.72,-64.01,-66.43,-68.75,-69.96,-67.94,-66.03,-66.03,-65.32,-65.12,-65.93,-68.04
15,CMG,Công nghệ,6757.99,0.0,1.97,-1.64,-3.28,-6.56,-9.84,-9.84,-10.16,-10.98,-16.39,-18.69,-13.11,-13.11,-10.66,-15.41,-15.41,-15.57,-15.08,-10.82,-4.59,-3.93,-1.64,-8.2,-9.02,-9.34,-10.0,-8.2,-7.05,-7.05,-6.23,-7.05,-6.39,-7.7,-9.02,-9.84,-10.33,-10.33,-8.52,-8.36,-9.02,-11.15,-11.48,-8.52,-8.85,-9.34,-9.02,-9.02,-2.79,-2.46,-3.28,-9.51,-7.87,-7.38,-7.87,-8.52,-2.13,0.16,3.28,4.1,2.95,3.77,6.56,7.38,4.43,4.92,6.39,8.03,12.95,15.9,7.87,14.75,13.11,9.34,1.8,3.61,4.43,5.41,6.23,4.43,6.07,3.61,2.46,0.66,2.13,-3.28,-6.72,-11.48,-6.56,-3.28,-7.7,-4.1,-5.74,-8.52,-3.28,-3.28,-0.33,-0.33,-1.31,-4.43,-3.44,0.0,-0.98,-1.64,-0.33,0.0,-1.8,-5.74,-6.39,-8.2,-4.59,-6.07,-9.34,-9.34,-8.52,-9.84,-4.92,-1.8,-1.8,-3.61,-4.1
16,CSV,Vật liệu,1969.11,0.0,0.0,-0.71,-2.24,-6.24,-10.35,-7.41,-9.65,-11.06,-17.18,-14.35,-14.12,-12.47,-9.41,-10.59,-11.53,-11.53,-13.41,-13.41,-9.18,-2.82,-0.35,-2.0,3.53,8.71,8.94,9.18,11.88,13.53,10.59,14.12,14.59,16.35,24.47,25.88,23.29,26.59,33.41,31.76,40.94,38.12,45.18,43.06,41.18,31.29,24.71,33.41,31.76,31.53,33.18,41.18,45.88,47.06,48.24,57.65,55.29,50.59,47.06,50.12,42.59,44.71,45.18,41.65,31.76,25.65,34.35,41.18,36.94,34.12,38.82,36.24,30.59,21.65,13.18,14.35,15.29,18.12,23.76,25.18,20.71,19.06,10.82,9.18,9.41,1.76,-5.29,-11.88,-5.76,-1.88,1.65,1.65,0.94,-1.65,5.18,8.82,10.59,11.76,15.06,16.47,24.47,23.06,27.06,29.41,30.35,28.0,21.41,12.94,15.76,14.12,21.88,28.24,27.06,18.35,10.12,15.53,10.12,2.47,-1.18,1.18,5.18
17,CTG,Tài chính,129514.98,0.0,0.0,-2.16,-4.46,-4.17,-5.04,-1.73,1.15,2.01,0.72,-0.58,-2.59,-2.16,2.3,2.59,6.47,8.35,6.19,6.19,4.46,5.04,4.6,5.76,5.9,-0.43,0.58,-0.29,0.43,-0.43,-1.01,-0.43,0.29,-2.59,-2.59,-4.6,-4.17,-7.91,-6.19,-5.76,-7.48,-7.77,-7.91,-7.63,-7.19,-8.2,-8.06,-7.91,-5.9,-5.61,-5.47,-5.04,-5.47,-6.33,-7.34,-8.49,-7.91,-7.77,-6.62,-4.89,-5.47,-6.91,-6.19,-6.33,-7.77,-10.79,-9.35,-10.22,-10.79,-15.97,-17.27,-17.41,-16.55,-15.4,-21.29,-20.43,-18.56,-18.85,-20.14,-22.3,-19.71,-22.3,-27.63,-27.48,-23.17,-28.06,-31.22,-29.35,-24.46,-23.45,-24.89,-25.47,-28.06,-25.18,-22.59,-23.17,-22.3,-21.44,-19.71,-20.14,-20.14,-21.15,-21.73,-21.15,-20.29,-20.29,-22.01,-27.34,-27.34,-29.5,-28.92,-32.23,-34.96,-33.67,-32.09,-27.34,-28.78,-26.33,-23.17,-22.73,-24.75
18,DBC,Nông nghiệp,5069.94,0.0,0.68,0.14,1.08,-3.24,-4.05,-2.7,-3.51,-2.84,-3.11,-2.7,-2.43,-0.95,3.24,-1.35,-0.41,-0.95,-2.7,-3.38,-5.0,-3.38,-4.05,-2.57,0.0,0.0,0.0,4.46,3.38,3.92,4.73,7.3,6.89,3.78,5.54,3.78,5.41,4.05,7.43,5.41,6.08,1.22,-0.68,-1.08,-1.35,0.54,-0.41,0.41,0.54,-0.14,0.0,1.22,4.05,5.54,5.68,3.11,2.43,1.49,1.35,0.81,1.08,-47.3,-48.04,-49.32,-50.74,-51.89,-51.62,-51.55,-52.7,-55.81,-57.7,-60.14,-59.59,-58.58,-61.42,-60.81,-58.51,-58.11,-57.97,-60.88,-60.88,-62.43,-65.0,-66.35,-65.95,-68.31,-70.47,-71.62,-69.66,-69.12,-68.99,-67.84,-68.65,-68.58,-68.04,-65.81,-64.59,-64.59,-64.86,-66.28,-64.59,-65.47,-66.22,-67.16,-66.22,-66.35,-66.76,-69.05,-71.22,-72.36,-72.16,-73.18,-75.0,-76.69,-77.57,-76.01,-75.41,-73.72,-71.89,-71.89,-73.51
19,DCM,Nông nghiệp,16676.1,0.0,0.27,-0.81,-5.39,-11.99,-14.29,-15.9,-16.17,-21.97,-26.68,-21.56,-21.56,-21.83,-23.99,-29.25,-28.17,-29.51,-27.49,-27.22,-24.53,-23.18,-22.64,-19.81,-17.92,-21.02,-19.68,-17.25,-17.79,-17.25,-15.9,-18.87,-13.21,-7.14,-6.74,-0.27,-0.54,5.12,7.28,8.63,16.17,13.75,20.08,20.89,25.34,16.58,15.36,18.06,9.97,14.29,14.82,19.81,21.02,21.83,25.61,30.59,28.84,19.95,15.77,18.87,12.94,14.29,7.01,11.19,7.14,6.47,9.97,17.65,15.23,17.25,19.95,11.86,11.59,3.91,-3.23,2.43,-1.08,2.43,4.18,-3.1,-1.62,-3.5,-10.24,-16.44,-12.67,-18.73,-24.39,-29.65,-24.8,-19.54,-15.36,-12.13,-10.24,-8.09,-1.75,-4.85,-4.85,-6.06,0.4,5.66,4.58,9.7,16.58,14.56,13.88,14.29,6.33,-1.08,4.58,9.7,13.07,14.56,6.6,-0.81,-7.68,-4.45,-2.96,-9.7,-14.15,-12.94,-11.73
20,DGC,Vật liệu,41579.01,0.0,-1.63,-2.26,-3.83,-8.98,-10.23,-5.9,-8.04,-9.54,-15.82,-18.9,-13.25,-7.22,-7.09,-12.12,-9.48,-13.06,-15.88,-13.37,-10.23,-7.41,-7.72,-10.23,-8.35,-11.42,-11.24,-10.23,-7.72,-5.08,-4.9,-3.95,-1.44,1.63,1.57,2.39,2.45,4.21,11.49,11.49,19.21,14.25,18.64,17.39,18.08,12.99,12.18,18.64,16.51,18.71,25.24,33.96,42.56,39.67,41.24,47.46,43.44,45.64,43.13,43.13,38.73,34.97,36.1,39.99,35.59,35.59,45.07,55.18,55.68,53.8,59.95,52.54,55.05,49.4,38.98,39.99,42.5,43.13,51.22,50.28,48.65,45.01,34.9,33.08,33.08,23.79,15.13,13.06,20.97,27.43,34.97,33.71,34.71,39.99,43.44,41.18,34.34,34.97,40.36,44.26,46.64,-27.75,-25.86,-21.59,-19.65,-20.9,-20.28,-23.54,-21.03,-20.9,-15.44,-17.14,-21.53,-26.8,-29.69,-24.8,-23.04,-24.67,-25.49,-25.3,-26.87
21,DGW,Công nghệ,10355.3,0.0,-1.19,-2.61,-1.19,-3.72,-5.06,-4.35,-3.87,-2.77,-7.04,-11.86,-13.04,-18.97,-24.58,-29.8,-24.9,-19.68,-20.95,-17.0,-12.17,-13.44,-13.04,-14.62,-13.04,-12.81,-8.38,-9.09,-10.59,-9.88,-10.28,-11.54,-11.78,-10.67,-4.43,-2.85,0.4,-2.06,-2.37,-4.11,-5.69,-6.17,-6.72,-4.82,-5.93,-9.72,-11.07,-7.59,-1.19,-1.5,0.0,-2.69,4.11,4.82,12.09,17.0,12.25,15.57,12.25,16.52,15.89,15.89,16.6,8.46,8.7,4.98,8.93,14.39,14.94,22.92,24.9,17.0,20.55,12.17,4.35,2.77,6.01,6.72,9.88,7.98,5.85,-1.5,-8.38,-7.51,-8.46,-14.86,-20.79,-26.32,-21.19,-15.73,-15.49,-14.62,-14.47,-11.46,-5.3,-3.64,0.4,0.4,1.19,1.5,3.48,1.82,2.77,2.77,9.96,10.04,5.93,-1.42,-4.43,-2.13,1.19,-0.4,-3.56,-5.14,-11.78,-6.72,-5.53,-3.72,-4.51,-8.22,-8.3
22,DHC,Vật liệu,4689.63,0.0,-0.45,-0.45,-2.73,-3.3,-5.45,-4.66,-6.82,-6.7,-8.41,-9.2,-9.2,-9.2,-10.8,-13.64,-17.05,-13.41,-13.41,-11.36,-13.98,-12.5,-11.36,-11.36,-10.23,-10.8,-10.45,-11.25,-11.36,-11.14,-8.98,-8.86,-7.16,-8.64,-9.55,-8.86,-7.95,-9.55,-10.23,-10.68,-10.34,-12.5,-14.77,-16.48,-15.23,-17.05,-16.82,-16.59,-16.48,-16.48,-16.36,-16.36,-15.8,-16.48,-15.8,-16.25,-16.02,-10.23,-9.43,-5.91,-3.3,-3.41,-5.34,-5.11,-6.7,-11.36,-9.09,-10.23,-6.25,-5.68,-3.98,-5.8,-5.68,-7.95,-11.93,-7.95,-9.09,-9.09,-8.41,-11.48,-11.48,-12.39,-18.07,-14.77,-14.43,-15.34,-16.7,-17.05,-16.59,-15.91,-16.14,-15.91,-18.07,-18.3,-18.18,-18.18,-18.75,-18.86,-19.55,-19.2,-19.32,-19.43,-20.45,-21.48,-21.48,-22.16,-22.95,-27.84,-29.43,-28.41,-25.11,-22.84,-22.95,-23.86,-23.86,-26.14,-25.57,-25.57,-25.57,-26.14,-26.14
23,DIG,Bất động sản - Xây dựng,18246.02,0.0,6.96,5.9,13.25,8.32,15.86,7.83,0.29,-6.58,-13.06,-19.05,-24.66,-19.44,-13.83,-19.83,-18.76,-17.79,-23.5,-28.82,-33.75,-38.3,-34.04,-29.5,-33.27,-28.63,-23.69,-18.38,-17.12,-11.51,-8.12,-14.51,-10.06,-15.47,-14.8,-16.83,-11.03,-10.74,-9.67,-6.96,-8.99,-15.28,-14.8,-11.99,-14.89,-13.44,-11.7,-12.57,-11.41,-8.12,-1.74,-0.87,2.71,1.74,-1.35,-8.22,-1.84,-8.12,-10.54,-5.8,-8.12,-9.57,-15.86,-19.73,-19.15,-24.76,-23.11,-27.95,-32.98,-29.21,-30.17,-32.79,-37.43,-41.49,-45.55,-41.78,-37.72,-40.23,-37.14,-41.01,-43.81,-47.68,-51.26,-48.74,-45.16,-48.94,-52.47,-53.09,-49.9,-46.42,-46.42,-43.04,-47.0,-43.91,-41.88,-42.94,-41.78,-40.62,-41.59,-43.42,-46.13,-44.68,-48.55,-48.84,-46.81,-47.29,-49.71,-53.19,-56.38,-59.43,-62.23,-64.85,-67.26,-69.54,-67.41,-65.14,-66.1,-65.09,-62.67,-63.25,-65.76
24,DPM,Nông nghiệp,19351.48,0.0,-1.57,-3.94,-7.78,-14.07,-14.37,-12.4,-14.96,-20.87,-22.83,-17.52,-16.14,-15.35,-15.75,-21.56,-18.5,-19.69,-18.7,-20.87,-16.04,-12.99,-13.78,-11.42,-8.56,-10.04,-8.27,-4.72,-5.51,-3.35,-4.33,-6.69,-0.2,6.69,6.1,13.39,11.81,17.72,17.32,18.7,26.97,22.05,28.54,25.79,30.71,21.65,22.64,24.21,19.09,23.03,22.83,29.92,35.83,36.61,43.11,45.47,44.29,34.25,31.69,35.83,26.38,28.35,22.24,27.36,25.59,28.35,33.86,42.13,39.17,41.73,47.83,37.8,40.94,31.1,22.05,29.72,26.97,30.71,32.68,23.43,24.21,25.39,16.73,8.66,12.6,4.72,-2.56,-9.35,-3.05,3.15,5.31,9.25,8.27,8.27,15.75,11.22,11.81,11.22,17.32,21.85,21.06,25.79,32.87,32.87,31.5,31.69,22.64,14.17,18.9,21.06,23.82,24.02,17.32,9.25,1.77,4.33,3.94,-3.25,-3.74,-1.57,0.39
25,DPR,Nông nghiệp,3044.4,0.0,0.42,2.24,2.94,0.0,-0.14,-3.08,-3.64,-4.76,-11.33,-10.77,-9.37,-5.31,-4.9,-4.62,-4.62,-4.76,-7.83,-9.09,-6.99,-4.06,-2.24,-0.28,-0.42,1.82,1.96,2.8,2.8,3.36,7.41,6.15,6.71,4.48,7.13,7.69,7.41,6.29,6.29,10.63,8.53,11.89,11.89,11.19,6.43,2.94,3.5,4.9,4.48,4.34,11.61,10.35,18.04,18.04,19.72,21.68,21.54,18.04,19.02,27.27,31.47,32.31,34.97,28.11,26.99,21.4,29.79,30.21,36.78,39.86,33.71,24.48,15.8,10.49,3.5,10.63,15.38,13.85,17.48,12.87,12.17,7.27,-0.14,2.1,2.1,-4.48,-6.43,-4.2,2.38,4.48,6.71,6.57,3.08,3.08,8.25,6.29,6.29,7.83,9.37,7.69,8.53,11.89,11.47,11.47,19.16,19.16,17.2,9.09,6.57,4.48,5.59,4.9,1.26,1.54,2.8,4.34,4.62,6.57,6.43,4.34,0.42
26,DRC,Công nghiệp - Hàng không,3266.8,0.0,-0.3,-1.94,-1.04,-4.17,-4.92,-7.6,-8.05,-9.09,-14.75,-16.39,-15.65,-13.26,-14.46,-19.52,-17.73,-16.54,-16.39,-16.24,-12.67,-10.28,-9.39,-9.09,-8.49,-10.58,-10.88,-8.2,-6.41,-6.26,-7.0,-7.0,-7.0,-7.6,-5.07,-3.58,-3.58,-5.07,-4.02,-2.24,-1.94,0.15,1.94,0.15,-0.3,-2.83,-4.32,-2.68,1.19,-0.15,-1.04,-2.24,-2.53,-1.04,-0.45,-2.83,1.34,2.53,5.81,6.11,6.86,4.77,6.41,7.3,2.68,1.19,1.04,3.28,5.22,11.77,8.79,1.19,-3.13,-8.79,-14.75,-8.79,-5.66,-4.62,-3.43,-3.73,-3.58,-7.9,-14.31,-10.58,-9.84,-16.1,-21.91,-21.01,-15.5,-14.61,-15.95,-14.46,-13.86,-13.86,-12.37,-8.49,-10.13,-9.24,-9.39,-12.97,-13.56,-13.86,-11.77,-8.94,-5.51,-6.11,-8.94,-15.2,-13.56,-15.5,-14.46,-14.61,-18.03,-21.01,-20.57,-19.52,-19.08,-17.44,-16.24,-18.18,-18.93
27,DTK,Năng lượng,8636.0,0.0,0.0,-1.82,-3.03,-5.45,-6.06,-4.85,-7.27,-6.67,-13.33,-13.33,-13.33,-9.09,-9.09,-9.09,-9.09,-9.09,-15.76,-9.09,-9.09,-4.85,-4.24,-7.88,-7.88,-7.27,-7.27,-7.27,-6.06,0.0,-4.24,-8.48,-8.48,-4.24,-10.91,-10.91,-7.88,-8.48,-8.48,-8.48,-7.88,-6.06,-7.88,-7.88,-5.45,-7.88,-7.88,-10.91,-8.48,-9.09,-9.09,-8.48,-8.48,-8.48,-8.48,-8.48,-8.48,-8.48,-8.48,-9.09,-11.52,-9.09,-9.09,-9.09,-9.09,-11.52,-11.52,-11.52,0.0,-13.94,-13.33,-17.58,-20.0,-15.76,-15.76,-15.76,-19.39,-18.18,-18.18,-18.18,-17.58,-15.76,-15.76,-15.76,-15.76,-15.76,-22.42,-23.03,-21.82,-21.82,-21.82,-21.82,-26.67,-26.67,-27.27,-24.24,-24.24,-24.24,-23.03,-23.03,-23.03,-26.06,-18.79,-18.79,-18.18,-23.03,-21.21,-24.85,-30.3,-27.27,-27.27,-27.27,-21.21,-28.48,-27.27,-27.27,-24.85,-24.85,-21.21,-21.82,-23.03
28,EIB,Tài chính,39833.63,0.0,1.18,0.88,-1.47,-3.54,-2.51,-0.29,0.88,-0.15,-2.95,-4.57,-6.49,-4.13,-1.47,-0.29,2.95,3.98,4.13,10.47,6.05,5.31,2.65,3.24,5.6,7.82,9.88,5.6,6.49,6.05,4.13,3.24,-2.65,-0.88,2.95,-0.15,-0.15,-5.6,-5.46,-7.08,-1.62,-2.21,2.51,1.18,4.42,7.96,9.14,10.47,8.7,6.19,6.78,6.93,9.0,6.93,8.55,8.41,10.62,10.32,8.85,9.73,8.26,7.08,7.52,6.34,3.54,-0.29,0.59,-0.29,-1.77,-6.64,-7.52,-7.67,-9.44,-6.19,-10.62,-9.29,-9.14,-11.5,-11.5,-13.42,-11.65,-12.68,-13.27,-13.27,-7.23,-6.78,-7.67,-8.26,-7.08,-7.08,-10.32,-8.85,-9.0,-6.78,-4.13,-4.13,0.59,0.29,-2.06,-4.13,-5.75,-7.08,-7.23,-10.03,-8.26,-10.47,-10.32,-8.85,-7.67,-9.44,-9.73,-7.52,-7.37,-7.08,-6.49,-6.05,-7.23,-7.23,-1.03,-5.6,-5.6
29,ELC,Công nghệ,799.57,0.0,0.39,0.39,-0.39,-5.79,-7.34,-9.27,-8.69,-8.69,-13.51,-18.53,-18.53,-13.13,-12.55,-14.86,-16.41,-16.22,-16.02,-13.13,-11.2,-9.27,-9.65,-9.85,-11.2,-13.13,-13.71,-14.86,-15.06,-9.27,-8.69,-5.21,-5.41,-10.81,-8.49,-9.07,-7.34,-9.65,-9.65,-7.72,-6.18,-5.02,-5.79,-1.35,0.77,-0.97,-2.12,-1.93,-1.54,0.0,0.39,-1.16,-3.47,0.39,-0.58,-2.7,3.47,6.56,7.72,6.18,4.25,11.39,12.36,8.11,0.58,-2.12,3.86,3.86,6.18,13.51,9.65,8.11,0.58,-6.37,-12.74,-18.73,-13.9,-13.9,-14.09,-12.74,-14.29,-20.27,-25.68,-30.69,-30.12,-34.17,-38.03,-36.29,-31.85,-30.5,-30.5,-29.73,-32.05,-31.27,-28.96,-26.64,-25.48,-24.71,-26.25,-26.64,-25.48,-22.78,-23.55,-24.9,-23.36,-23.17,-28.19,-33.2,-35.14,-39.58,-38.8,-40.93,-44.98,-48.65,-45.17,-41.51,-38.22,-36.49,-36.1,-36.68,-39.77
30,FMC,Nông nghiệp,3844.87,0.0,3.85,1.92,1.92,0.77,0.0,-0.58,-0.58,-0.96,-5.77,-5.67,-6.54,-6.54,-5.38,-8.08,-5.29,-2.88,-3.27,-3.27,-2.12,1.92,1.15,0.77,0.96,4.42,5.0,5.77,10.0,12.88,13.08,13.85,15.38,13.46,15.38,17.31,18.27,19.04,19.04,16.54,14.81,11.54,13.46,19.23,20.19,19.23,20.19,20.19,18.85,18.08,17.88,17.5,18.65,19.23,21.92,30.38,30.38,31.73,28.08,30.38,30.77,35.77,35.77,33.65,32.5,31.73,33.65,39.42,41.15,42.31,41.73,36.73,36.73,27.31,18.46,15.19,22.88,23.08,28.46,30.58,30.77,30.58,17.88,23.08,22.69,14.23,6.35,-0.96,5.38,6.54,7.5,6.73,6.73,6.54,13.85,15.19,19.04,20.19,20.19,27.88,30.77,32.31,30.77,33.65,32.5,31.73,23.08,14.62,15.38,15.38,17.31,18.46,21.54,20.96,16.73,20.96,19.42,20.58,18.27,17.12,13.08
31,FPT,Công nghệ,96538.34,0.0,0.11,0.0,-0.11,-1.6,-4.28,-4.17,-1.5,-2.35,-4.81,-5.78,-5.45,-2.78,-5.67,-8.77,-7.49,-8.02,-8.13,-4.28,-4.28,-3.1,-2.99,-1.6,-2.03,-2.67,-2.57,-2.35,-0.75,-1.39,0.0,-0.64,-0.53,-1.6,-1.28,-0.21,-0.11,-0.43,-0.11,0.0,0.32,1.39,2.14,1.18,-0.32,-1.82,-2.67,-2.03,-1.6,1.71,1.93,3.1,3.21,2.67,2.35,4.92,12.19,13.37,14.44,18.72,16.9,16.58,20.86,21.18,16.04,17.43,23.1,24.71,22.99,23.53,19.79,19.79,19.79,18.82,10.59,11.55,10.16,12.83,12.3,11.76,11.98,7.17,0.53,5.24,8.98,2.25,0.11,-0.32,6.63,4.49,3.74,4.28,3.21,5.03,12.3,12.94,19.57,19.04,17.54,19.57,19.25,21.93,20.86,23.64,22.99,23.32,17.65,-7.81,-4.71,-3.21,-1.6,-1.6,-1.6,-4.71,-9.63,-8.56,-8.56,-7.49,-4.06,-3.74,-7.81
32,FRT,Công nghệ,10520.36,0.0,-1.05,-7.89,-6.53,-9.68,-16.0,-15.16,-12.63,-7.37,-13.79,-17.89,-14.21,-12.74,-12.63,-16.11,-15.16,-15.16,-12.63,-7.68,-1.26,-1.05,0.84,2.11,4.21,3.26,3.37,-0.84,0.84,7.89,14.21,22.11,22.74,31.26,31.58,28.74,30.53,33.68,34.11,36.84,36.84,27.26,26.21,34.95,35.47,31.37,34.21,43.58,53.47,52.42,54.84,50.53,56.84,57.89,63.68,62.63,64.21,64.21,58.0,60.21,61.05,61.58,64.63,60.0,55.47,52.63,63.16,74.0,73.16,70.0,78.74,76.95,74.74,62.53,51.16,52.63,53.68,57.16,64.74,66.0,60.53,49.37,38.95,29.47,32.84,23.58,14.95,6.95,14.42,19.47,15.79,14.21,17.37,19.89,28.21,31.05,39.79,37.68,30.42,38.42,43.16,43.37,42.42,1.16,8.11,5.68,4.21,-3.05,-5.26,-3.79,2.84,7.37,2.11,-4.95,-11.58,-5.47,-4.53,-6.32,-1.05,-4.0,-4.0
33,GAS,Năng lượng,216276.35,0.0,3.04,1.77,5.5,0.1,1.37,5.99,3.04,3.53,2.65,5.0,5.0,5.2,5.4,5.1,7.46,10.11,9.72,6.97,12.56,11.87,7.95,9.91,8.93,13.84,15.21,12.37,16.49,14.82,13.64,14.33,14.82,16.78,15.01,15.8,15.51,16.98,18.45,15.8,22.28,18.45,19.92,16.29,10.79,4.02,5.99,7.16,4.02,6.87,11.87,12.86,10.21,10.21,8.64,8.44,9.81,8.05,6.28,7.65,10.3,12.17,11.58,10.7,8.15,6.87,8.05,9.52,12.95,13.15,11.78,4.61,3.04,10.21,2.55,6.97,8.93,5.69,4.02,5.99,7.36,7.75,2.94,5.99,6.87,3.63,-1.86,-6.77,-0.98,3.04,3.83,2.55,1.57,3.83,6.38,5.59,7.95,7.95,15.51,18.74,16.68,21.88,27.48,27.58,26.5,25.22,16.49,15.8,23.65,21.69,25.61,31.5,22.37,17.27,9.13,14.62,11.87,12.27,13.84,14.82,13.35
34,GEG,Năng lượng,7726.5,0.0,2.2,1.8,2.2,-4.19,-2.99,-1.8,-6.99,-4.19,-10.78,-16.77,-10.98,-6.79,-8.38,-13.77,-7.78,-8.18,-4.99,-5.59,0.6,0.6,-1.8,-0.8,-0.2,-0.2,0.6,7.58,6.99,7.78,6.99,3.39,3.99,8.58,7.78,6.99,7.98,6.59,4.99,5.99,7.58,11.98,13.37,11.58,11.78,4.19,2.59,3.79,3.79,3.59,2.99,1.8,4.79,7.98,7.19,9.38,8.58,6.19,5.79,5.79,8.38,10.18,8.58,4.59,0.6,-6.39,-2.59,-5.79,-4.39,-8.38,-8.18,-8.18,-14.37,-18.16,-23.75,-20.56,-17.17,-16.97,-14.17,-10.98,-12.57,-14.97,-20.76,-16.37,-15.17,-20.56,-25.15,-24.95,-19.76,-17.37,-11.78,-13.17,-16.97,-14.97,-9.18,-8.98,-9.38,-7.58,-4.19,-2.2,-4.39,-2.79,1.4,3.39,1.0,2.59,-2.2,-4.19,-1.8,-5.59,-4.79,1.8,-4.19,-6.99,-13.37,-7.39,-9.18,-2.99,-4.99,-3.39,-2.2
35,GEX,Công nghệ,16902.19,0.0,0.0,6.9,12.77,10.47,13.58,5.64,-1.73,1.5,-5.52,-12.08,-14.84,-10.47,-11.74,-17.84,-16.69,-19.45,-18.87,-18.53,-14.73,-14.73,-11.16,-13.23,-13.92,-18.3,-14.96,-10.24,-7.25,-7.36,-7.25,-9.67,-9.44,-9.44,-5.41,-5.41,-5.41,-7.94,-4.72,-4.14,-5.29,-10.24,-7.94,-9.09,-12.66,-15.3,-12.89,-11.85,-12.31,-11.39,-9.67,-9.67,-7.71,-8.17,-9.09,-11.39,-10.01,-12.2,-10.82,-9.55,-5.98,-7.94,-13.92,-15.77,-21.63,-22.09,-16.69,-17.15,-21.86,-26.81,-31.53,-36.25,-33.26,-32.11,-36.82,-35.56,-35.1,-37.05,-35.1,-35.67,-34.41,-38.9,-43.15,-44.76,-45.22,-49.02,-52.59,-54.66,-51.55,-49.6,-49.37,-48.45,-51.67,-50.06,-46.61,-45.68,-45.91,-44.76,-45.34,-46.14,-48.45,-49.14,-50.29,-47.41,-46.14,-45.91,-44.76,-47.41,-46.84,-50.52,-51.67,-55.01,-58.11,-60.41,-57.65,-55.81,-56.27,-53.28,-51.9,-52.93,-55.01
36,GIL,Hàng tiêu dùng,3396.0,0.0,5.79,6.25,5.18,5.64,3.96,2.13,3.66,3.66,3.66,2.9,1.52,2.13,5.95,5.03,5.49,4.42,4.27,3.66,4.57,9.45,9.45,11.13,10.37,8.54,11.28,17.23,21.34,21.49,25.0,22.87,23.48,23.48,24.85,28.05,27.29,24.24,28.66,28.66,26.22,17.53,15.7,23.63,23.17,21.49,21.19,19.36,23.17,23.02,20.88,22.26,26.37,26.52,35.37,38.57,36.13,39.63,37.35,38.72,41.77,40.24,37.2,30.79,27.29,31.1,32.62,37.35,46.34,47.56,43.29,37.2,37.2,27.59,18.75,20.43,23.93,23.48,27.74,30.18,27.9,19.05,10.82,14.18,12.8,5.03,-2.29,-7.16,-1.22,-2.9,-4.57,-2.74,-4.73,-2.74,2.44,6.55,6.71,4.88,5.95,4.42,11.59,11.59,11.13,17.07,18.45,18.45,10.21,2.59,2.44,-2.59,-2.29,-7.01,-13.41,-19.36,-25.0,-19.82,-17.68,-16.92,-16.01,-16.46,-14.63
37,GMD,Công nghiệp - Hàng không,15490.83,0.0,0.42,-1.27,1.58,-1.9,-3.38,-6.43,-7.17,-9.7,-14.56,-13.19,-12.24,-11.39,-11.39,-13.71,-9.28,-11.39,-10.76,-9.28,-2.95,-1.58,2.32,0.74,2.0,3.16,3.16,4.22,8.02,9.49,8.02,10.13,9.92,8.44,6.54,4.85,5.49,7.38,14.77,16.03,18.14,10.97,18.57,16.03,17.51,9.49,10.55,12.87,11.81,13.71,14.77,15.19,13.08,17.72,15.61,18.78,24.47,21.31,23.21,22.36,24.26,25.53,22.57,18.57,15.61,9.92,17.51,19.2,20.89,18.35,21.31,17.3,17.3,10.55,2.85,8.65,12.45,13.5,14.77,19.2,17.51,18.35,12.87,16.03,19.2,17.93,9.7,2.11,9.07,8.02,7.59,5.06,6.54,8.44,14.98,13.29,16.67,19.41,17.72,23.42,21.31,23.42,26.16,29.54,26.79,24.47,16.03,8.65,12.03,10.76,14.77,17.09,14.14,6.96,4.64,11.81,9.7,10.76,11.6,14.98,9.7
38,GTN,Hàng tiêu dùng,4755.9,0.0,-0.5,-0.5,-0.99,-3.96,-3.47,-3.96,-5.94,-4.95,-10.89,-10.89,-11.39,-8.42,-8.66,-13.37,-12.38,-12.38,-11.39,-10.89,-8.66,-8.91,-8.66,-9.16,-9.9,-9.16,-9.16,-7.43,-6.44,-6.44,-7.67,-8.91,-7.92,-10.15,-9.41,-9.9,-8.42,-8.91,-8.91,-8.42,-5.45,0.0,0.0,0.0,0.0,0.0,0.0,0.0,0.0,0.0,0.0,0.0,0.0,0.0,0.0,0.0,0.0,0.0,0.0,0.0,0.0,0.0,0.0,0.0,0.0,0.0,0.0,0.0,0.0,0.0,0.0,0.0,0.0,0.0,0.0,0.0,0.0,0.0,0.0,0.0,0.0,0.0,0.0,0.0,0.0,-6.93,-6.93,0.0,0.0,0.0,0.0,0.0,0.0,0.0,0.0,0.0,0.0,0.0,0.0,0.0,0.0,0.0,0.0,0.0,0.0,0.0,0.0,0.0,0.0,0.0,0.0,0.0,0.0,0.0,0.0,0.0,0.0,0.0,0.0,0.0,0.0
39,GVR,Nông nghiệp,90400.0,0.0,2.13,2.66,2.39,0.27,-2.13,-1.6,-5.59,-5.05,-11.57,-17.29,-15.16,-13.7,-13.83,-19.81,-16.89,-17.55,-18.35,-17.02,-14.36,-12.23,-11.97,-10.64,-9.71,-11.44,-11.3,-10.24,-9.57,-10.64,-7.98,-8.91,-8.91,-10.37,-9.57,-9.18,-5.05,-5.85,-3.46,-4.26,-2.26,-3.46,-4.26,-5.45,-8.24,-11.3,-9.97,-10.37,-10.11,-9.57,-7.98,-7.85,-5.85,-7.18,-7.71,-9.97,-8.24,-9.97,-9.57,-8.11,-2.93,-3.19,-1.6,-3.46,-7.31,-12.23,-8.24,-8.11,-4.26,-2.13,-6.91,-13.43,-18.88,-21.54,-26.99,-24.2,-22.61,-23.54,-23.27,-25.4,-25.0,-28.72,-33.64,-34.18,-34.57,-39.1,-43.35,-41.89,-37.9,-37.9,-38.96,-36.97,-36.97,-35.77,-32.58,-32.58,-32.18,-32.31,-32.98,-33.11,-31.38,-33.51,-33.11,-32.71,-28.06,-26.99,-30.59,-35.37,-34.18,-38.7,-37.5,-39.63,-42.02,-42.29,-42.02,-39.63,-39.49,-37.9,-37.5,-39.1,-40.03
40,HAH,Công nghiệp - Hàng không,4869.49,0.0,-0.59,-2.06,1.62,-1.33,-2.5,-5.01,-5.15,-5.15,-11.78,-13.11,-12.96,-9.57,-5.74,-11.49,-11.19,-11.19,-11.49,-7.22,-0.74,0.0,1.62,3.53,4.57,7.81,6.48,6.77,13.84,19.15,17.82,17.53,16.05,12.67,14.87,21.5,20.77,21.94,30.34,32.99,36.23,28.13,36.97,38.44,38.29,32.4,33.87,36.67,36.23,41.09,35.64,39.18,42.71,48.31,48.31,51.69,50.22,46.1,42.56,43.74,46.54,48.6,44.04,34.02,34.17,37.41,40.94,49.93,51.69,51.69,58.17,48.75,55.96,45.07,-4.57,-2.8,3.98,9.72,17.38,24.74,22.83,28.87,19.88,25.18,24.3,15.76,7.66,0.15,6.92,13.11,12.08,7.51,6.77,9.72,17.38,17.82,20.77,22.53,22.24,30.78,28.13,32.55,25.18,32.4,29.46,29.16,20.18,11.78,12.08,12.37,17.82,19.29,16.35,8.25,0.74,7.66,6.19,6.19,1.62,8.69,6.77
41,HDB,Tài chính,49299.05,0.0,-1.93,-1.93,-2.57,-4.82,-5.79,-0.48,-0.96,-1.61,-6.75,-4.98,-7.56,-6.43,-6.11,-6.75,-3.38,-1.29,-0.96,-0.64,0.0,0.96,1.61,1.29,0.32,-6.11,-5.14,-5.95,-4.34,-5.14,-4.82,-4.98,-4.66,-7.4,-5.95,-7.4,-8.2,-12.06,-9.16,-9.97,-11.9,-12.06,-13.18,-13.34,-12.22,-12.86,-12.54,-12.7,-11.58,-11.25,-9.0,-9.0,-9.97,-9.65,-10.13,-11.9,-11.41,-9.0,-8.84,-5.31,-6.43,-7.56,-6.75,-7.07,-9.16,-10.61,-9.97,-12.22,-15.43,-16.4,-16.72,-17.2,-19.94,-19.13,-24.28,-21.22,-19.61,-18.97,-18.65,-20.26,-19.13,-22.67,-26.05,-22.67,-22.03,-26.21,-28.62,-27.65,-22.83,-22.83,-21.86,-21.7,-22.19,-20.9,-17.52,-17.85,-17.04,-16.88,-16.08,-15.92,-16.4,-18.33,-18.65,-18.65,-16.56,-17.04,-16.72,-21.06,-19.94,-21.22,-19.77,-20.9,-23.63,-24.12,-24.12,-24.44,-26.05,-24.92,-22.03,-21.54,-22.83
42,HHV,Công nghiệp - Hàng không,7486.75,0.0,1.44,1.08,0.0,0.0,0.0,0.0,0.0,0.0,0.0,0.0,0.0,0.0,-3.25,-9.93,-13.36,-13.72,-16.25,-18.41,-15.16,-14.8,-13.18,-11.91,-12.09,-14.8,-14.44,-12.27,-11.91,-8.66,-9.03,-12.09,-12.09,-16.06,-15.16,-16.43,-15.16,-16.61,-15.52,-13.72,-14.62,-16.06,-16.43,-16.25,-15.88,-15.34,-11.01,-11.55,-12.64,-13.36,-11.55,-11.37,-12.45,-11.91,-12.64,-14.98,-14.26,-14.08,-13.72,-13.36,-11.55,-10.11,-10.65,-10.65,-13.0,-16.25,-14.62,-15.7,-16.97,-22.74,-27.98,-32.85,-36.46,-33.39,-37.55,-35.2,-33.75,-33.57,-33.21,-30.87,-32.31,-35.56,-39.89,-40.25,-39.53,-43.68,-47.47,-50.54,-47.11,-46.21,-46.57,-45.85,-46.21,-45.85,-42.06,-41.88,-41.52,-41.34,-41.16,-40.97,-41.7,-43.14,-44.22,-45.49,-43.32,-43.14,-44.4,-48.19,-50.0,-53.25,-52.71,-55.96,-59.03,-61.19,-58.48,-57.76,-57.4,-56.32,-55.23,-55.78,-57.94
43,HNG,Nông nghiệp,5764.48,0.0,6.83,6.02,5.22,8.43,3.61,-3.61,-10.04,-14.06,-18.47,-17.27,-18.07,-18.07,-16.87,-22.65,-26.1,-23.69,-24.5,-27.79,-24.42,-24.1,-23.94,-21.29,-23.61,-28.51,-27.71,-26.59,-23.53,-21.69,-21.77,-23.69,-23.78,-27.15,-26.75,-28.43,-27.71,-26.1,-23.37,-18.88,-15.66,-19.68,-20.48,-20.32,-20.32,-23.69,-23.45,-22.01,-19.68,-20.64,-20.08,-16.87,-19.28,-18.88,-18.47,-13.25,-14.46,-16.47,-18.88,-18.88,-18.07,-16.87,-18.88,-18.47,-22.81,-26.1,-23.61,-25.14,-25.3,-30.52,-35.34,-39.84,-44.02,-42.65,-44.98,-42.01,-40.72,-41.45,-40.96,-42.49,-43.69,-44.18,-48.03,-47.39,-46.1,-49.8,-53.25,-53.01,-49.8,-49.4,-49.96,-50.52,-51.0,-51.0,-49.56,-49.24,-46.99,-46.99,-48.03,-48.84,-49.96,-51.33,-51.0,-49.96,-47.71,-47.55,-48.76,-52.29,-54.14,-57.27,-56.79,-59.76,-62.57,-60.0,-58.8,-59.12,-59.12,-56.71,-56.47,-57.43,-59.84
44,HPG,Vật liệu,130251.2,0.0,0.11,-1.39,-2.03,-2.35,-3.53,-1.18,-0.11,-1.07,-4.39,-5.88,-6.84,-5.88,-7.38,-12.94,-7.49,-7.06,-9.84,-9.73,-7.91,-2.57,1.18,0.53,0.86,-1.18,-1.6,-1.6,-0.53,0.64,-0.21,-0.75,-0.11,-1.6,-1.82,0.96,0.32,0.32,7.17,6.52,9.3,5.78,6.63,5.13,1.82,-2.03,-1.28,-1.18,-1.71,-0.53,0.21,0.32,0.11,-0.75,-0.75,-1.82,-1.93,-2.67,-3.53,-2.25,-1.93,-1.39,1.07,-0.43,-0.75,-3.53,-3.32,-3.96,-5.45,-8.77,-7.38,-7.59,-7.27,-6.31,-12.83,-11.87,-9.09,-7.81,-7.38,-10.16,-10.05,-10.59,-14.55,-12.09,-13.05,-18.18,-23.21,-22.35,-18.29,-18.29,-18.93,-19.47,-21.39,-25.35,-26.31,-25.13,-24.17,-24.17,-25.78,-26.52,-29.09,-28.56,-28.77,-28.98,-29.63,-27.7,-28.13,-31.98,-35.19,-37.11,-33.69,-50.37,-53.8,-55.51,-54.01,-53.37,-53.37,-51.02,-51.87,-51.34,-52.3
45,HSG,Vật liệu,8341.06,0.0,-1.33,-4.53,-5.73,-5.73,-7.73,-6.13,-3.73,-5.47,-12.0,-11.6,-12.67,-11.2,-13.87,-19.87,-17.87,-17.6,-19.2,-19.07,-14.93,-9.07,-2.8,-2.93,-1.07,-3.2,-4.13,-2.8,-2.4,-0.67,-2.0,-4.53,-2.53,-5.2,-4.4,2.27,4.0,5.73,12.27,8.8,13.2,7.73,10.53,9.2,5.73,1.33,-0.8,-0.4,-2.27,0.93,1.87,3.47,1.2,0.13,0.93,0.8,0.13,-3.2,-6.67,-4.67,-4.93,-4.93,-4.13,-5.87,-12.4,-12.53,-11.73,-11.47,-11.47,-17.07,-19.2,-19.73,-19.73,-19.47,-25.07,-24.27,-22.93,-24.4,-24.53,-29.73,-34.27,-30.67,-35.47,-34.4,-34.67,-39.2,-43.33,-47.2,-43.6,-42.93,-44.13,-42.67,-43.6,-46.13,-43.47,-42.13,-38.13,-38.53,-39.2,-39.73,-42.27,-41.07,-42.67,-45.47,-44.0,-40.53,-42.27,-46.27,-50.0,-53.47,-54.67,-57.73,-60.67,-62.27,-59.73,-59.6,-57.6,-54.67,-55.33,-54.0,-57.07
46,HTP,Dịch vụ,3314.16,0.0,2.55,0.77,2.81,3.83,14.03,25.26,37.76,27.81,29.85,22.45,17.35,22.45,34.69,22.45,31.12,32.65,31.38,31.38,27.55,27.3,25.26,23.47,22.96,23.21,22.45,24.23,25.0,24.23,25.0,26.02,26.02,23.98,22.19,21.17,22.45,19.9,8.67,16.84,19.9,17.09,12.76,2.55,6.89,11.73,8.42,9.69,8.42,5.87,6.89,9.18,9.18,9.69,9.18,8.42,8.67,7.4,7.14,5.61,8.42,3.57,8.16,3.32,3.32,4.08,2.3,0.0,0.0,6.38,4.85,5.87,5.61,7.65,6.63,9.69,8.42,5.87,4.34,4.34,7.14,2.04,0.77,0.51,2.04,-1.28,-3.06,-2.81,-4.34,-4.85,-8.16,1.02,1.02,-1.02,-1.02,-3.06,-2.55,-2.3,-2.81,-3.06,-3.32,4.59,4.59,2.04,1.79,0.77,-0.26,-10.2,-2.04,-7.14,-0.51,-3.06,2.04,-2.04,-2.04,-8.16,-8.16,-0.51,-3.32,-3.32,-7.91
47,HVN,Công nghiệp - Hàng không,34544.55,0.0,-0.86,-1.93,-2.79,-0.43,-1.07,-1.5,-2.79,-2.58,-1.72,-1.5,-2.58,-2.36,-2.58,-2.15,0.21,3.43,3.0,4.29,11.59,11.59,12.66,13.3,12.45,13.3,12.66,13.09,15.02,17.17,15.02,12.02,12.66,10.09,11.16,8.8,9.01,7.3,7.3,9.01,6.87,8.15,7.3,12.45,10.73,12.23,12.23,10.3,9.87,8.8,8.15,8.58,8.15,9.23,8.8,7.08,7.73,6.87,6.87,7.51,6.87,8.15,7.08,6.01,3.43,3.0,2.36,3.0,0.43,-3.22,-4.29,-3.22,-4.29,-6.01,-11.16,-7.73,-6.22,-6.87,-6.65,-4.29,-5.79,-9.87,-16.09,-13.73,-12.88,-18.45,-23.82,-22.32,-17.6,-19.31,-21.24,-21.03,-23.39,-25.32,-23.61,-23.39,-20.17,-17.81,-19.96,-20.17,-22.75,-22.53,-23.18,-24.25,-22.53,-20.6,-22.75,-26.61,-26.61,-30.69,-30.26,-33.05,-37.34,-35.84,-34.12,-34.33,-34.55,-30.04,-29.18,-31.12,-33.48
48,IBC,Dịch vụ,1650.54,0.0,0.74,-0.25,-0.49,-0.49,-3.19,-0.25,-0.25,-0.25,-0.49,-0.25,-0.25,-0.49,-0.25,-0.25,-0.98,-0.98,-0.74,-0.49,-0.25,-0.25,-0.74,-0.25,-0.25,0.25,-0.25,0.74,1.23,1.23,1.72,1.23,1.47,1.47,1.72,2.21,1.23,0.25,-0.25,-0.49,-0.49,-1.72,-1.72,-1.72,-1.72,-1.72,-1.72,-1.72,-1.72,-1.72,-1.72,-1.72,-1.72,-1.72,-1.72,-1.72,-1.72,-0.25,-0.49,-0.74,-0.74,-0.74,-0.74,-0.98,-1.72,-1.72,-1.72,-1.72,-3.69,-1.72,-1.72,-1.72,-1.72,-1.72,-1.72,-1.72,-1.72,-1.72,-1.72,-1.72,-1.97,-1.97,-2.21,-2.46,-2.21,-2.21,-2.21,-1.72,-1.72,-1.72,-1.23,-0.98,-0.98,-2.21,-2.21,-0.74,-1.23,-1.23,-1.23,-1.72,-1.72,-1.72,-1.72,-1.72,-1.72,-2.46,-0.74,-1.23,-2.21,-2.21,-1.72,-2.21,-2.21,-2.21,-2.21,-1.97,-2.21,-2.21,-1.97,-2.46,-2.46
49,IDC,Bất động sản - Xây dựng,16599.0,0.0,-0.95,-3.66,5.83,8.41,4.75,-2.99,-12.62,-3.93,-11.8,-14.65,-12.21,-7.19,-12.08,-19.27,-16.69,-17.1,-18.59,-15.88,-15.06,-12.21,-11.8,-7.87,-5.7,-8.55,-8.14,-7.73,-6.92,-2.58,-0.14,-3.53,-1.22,-4.61,-2.17,-3.12,0.95,2.44,6.11,3.93,4.88,0.41,-2.85,-2.17,-5.97,-11.67,-8.01,-7.46,-5.83,-2.71,-0.27,-1.63,-0.54,1.76,2.31,-0.95,1.49,1.76,8.68,9.36,10.04,6.78,-2.31,-2.17,-11.94,-11.67,-6.78,-9.23,0.0,-16.55,-17.5,-19.4,-20.9,-19.27,-27.27,-31.48,-24.69,-25.51,-24.83,-23.88,-22.39,-28.22,-35.28,-32.02,-30.12,-32.29,-39.76,-39.76,-34.46,-32.97,-32.16,-30.39,-33.51,-30.12,-28.09,-29.31,-29.72,-28.09,-26.19,-26.46,-27.41,-28.49,-32.02,-30.8,-27.95,-23.47,-26.05,-30.94,-29.44,-32.16,-29.58,-32.16,-36.91,-36.64,-34.87,-29.85,-30.8,-33.65,-30.8,-30.12,-31.75
50,IDI,Nông nghiệp,4757.77,0.0,1.27,-0.63,-0.32,0.63,1.27,-5.7,-12.03,-14.56,-15.51,-21.2,-26.58,-21.52,-19.94,-25.32,-27.22,-28.48,-27.85,-25.0,-19.94,-14.56,-12.03,-10.44,-11.71,-6.01,-8.23,-6.33,-6.33,-2.22,0.0,-2.53,-0.63,-4.11,-3.16,-2.53,4.11,10.76,13.61,11.08,13.61,18.99,23.42,31.96,22.78,25.95,31.65,40.82,38.61,39.56,49.05,49.68,52.53,51.9,62.34,73.42,73.1,73.42,72.15,80.06,72.15,83.86,81.01,68.35,56.96,67.72,76.9,78.16,85.44,96.52,87.97,81.96,69.3,57.59,46.84,45.57,55.7,57.91,67.09,67.72,56.01,57.59,46.84,51.58,43.67,33.86,24.68,16.14,24.05,26.27,24.68,22.78,31.33,40.51,50.32,49.68,49.05,51.58,55.06,65.82,68.99,70.25,64.56,70.89,65.82,68.35,56.65,45.89,43.67,46.84,48.73,51.58,55.7,44.94,34.81,43.04,37.34,39.56,36.08,39.24,34.81
51,KBC,Bất động sản - Xây dựng,24985.53,0.0,-1.47,0.65,0.98,-3.75,-10.26,-4.07,-7.17,-6.03,-12.54,-17.75,-14.01,-9.28,-11.73,-15.64,-9.93,-11.07,-14.5,-12.54,-10.91,-7.98,-8.14,-7.49,-5.86,-7.33,-6.03,-6.03,-4.72,-4.72,-4.72,-7.49,-6.68,-7.0,-5.86,-6.51,-6.35,-8.63,-8.63,-8.31,-11.07,-15.31,-13.68,-14.17,-15.64,-17.43,-14.66,-14.82,-13.84,-13.52,-12.38,-11.07,-11.24,-12.54,-12.38,-14.5,-12.7,-14.17,-13.52,-12.54,-10.42,-12.05,-12.38,-15.15,-21.01,-20.36,-16.29,-17.1,-17.59,-22.64,-25.73,-26.71,-31.84,-30.78,-34.85,-32.17,-30.13,-29.97,-28.66,-29.97,-30.29,-33.06,-34.85,-34.61,-32.9,-36.48,-40.88,-40.96,-37.3,-34.85,-33.22,-33.22,-33.22,-31.92,-28.66,-28.42,-27.85,-28.01,-27.52,-27.52,-27.69,-27.36,-28.75,-29.97,-27.04,-27.04,-25.9,-31.03,-29.97,-30.13,-30.46,-31.6,-36.32,-53.42,-53.58,-51.63,-50.98,-47.88,-47.15,-45.93,-46.74
52,KDC,Hàng tiêu dùng,16330.4,0.0,-0.19,-0.56,-0.37,-0.37,-0.93,-1.48,-1.48,-1.11,-1.3,-1.67,-2.22,-0.56,0.0,-0.74,-0.37,-0.37,0.0,0.0,0.19,0.0,0.0,0.0,1.85,1.3,1.3,1.3,1.48,1.3,1.3,0.74,1.85,1.48,0.74,0.0,0.0,-0.19,0.0,0.0,-0.37,-0.37,1.85,0.93,0.74,0.74,0.56,0.37,0.0,-2.78,0.93,0.37,-0.19,0.0,-0.19,-0.56,-0.37,-0.56,-0.37,-0.37,0.74,0.37,0.19,-0.19,-0.93,-0.93,-1.85,-2.04,-0.93,-1.85,-2.78,-2.78,-3.7,-3.89,-5.0,-4.63,-3.7,-3.7,-3.89,-3.89,-4.44,-5.0,-6.11,-7.41,-5.56,-5.93,-7.41,-7.78,-7.22,-7.04,-7.41,-7.41,-6.85,-1.48,1.11,1.11,1.11,8.15,15.56,16.11,15.74,17.59,17.59,17.59,20.37,21.11,18.52,13.33,15.74,15.74,17.59,16.67,16.48,13.7,14.44,14.44,14.26,17.96,20.37,22.22,20.19
53,KDH,Bất động sản - Xây dựng,24667.31,0.0,2.39,4.41,4.04,-0.55,-2.57,-1.29,-1.65,-1.65,-8.46,-7.17,-5.51,-4.04,-6.62,-9.74,-8.27,-7.35,-7.9,-8.09,-6.99,-7.35,-2.39,-2.94,-2.94,-3.12,-1.65,-1.1,0.92,-0.74,-0.37,-0.92,-0.55,-2.94,-2.02,-2.76,-0.55,-1.29,0.37,0.37,-1.1,-4.23,-5.88,-5.33,-6.25,-7.72,-8.09,-6.99,-5.51,-6.25,-2.02,-2.94,-2.57,-2.39,-2.02,-2.76,-1.84,-3.31,-2.94,-1.47,-2.94,-4.41,-6.25,-6.07,-6.43,-7.9,-6.99,-7.9,-9.01,-9.38,-7.9,-8.27,-11.76,-9.93,-15.44,-13.69,-13.6,-13.6,-11.95,-14.52,-15.26,-15.26,-21.14,-20.22,-19.85,-22.33,-27.76,-27.76,-23.35,-23.71,-23.71,-23.9,-24.82,-26.29,-24.82,-23.81,-21.78,-22.06,-22.7,-22.79,-24.63,-25.0,-25.28,-25.74,-24.08,-24.54,-24.72,-26.65,-28.31,-29.96,-28.12,-28.31,-29.14,-28.95,-29.23,-29.96,-29.32,-28.22,-27.85,-27.76,-28.49
54,KSF,Bất động sản - Xây dựng,25200.0,0.0,3.38,13.64,16.88,5.45,3.25,1.04,11.04,20.78,29.87,29.87,26.62,26.75,26.75,27.27,31.82,34.42,46.75,61.04,61.69,58.83,61.69,57.79,52.99,45.97,45.45,44.03,43.9,44.68,42.86,40.26,40.78,40.13,41.69,41.69,41.17,41.3,40.65,40.65,39.61,39.22,38.7,38.7,40.39,38.96,38.83,38.96,39.61,39.87,40.52,40.91,40.78,54.81,42.08,40.91,40.91,39.35,38.7,39.09,39.48,40.26,40.13,47.4,42.86,43.12,42.21,40.78,0.0,40.78,40.39,39.61,40.26,40.39,39.61,40.0,42.21,43.77,42.73,41.69,40.26,39.61,39.61,39.74,39.61,39.61,39.61,37.66,28.7,19.22,14.29,12.86,8.96,9.35,12.99,11.69,10.39,11.04,12.08,12.73,9.74,11.69,11.04,9.09,12.47,13.77,12.99,10.65,12.34,10.78,11.3,10.13,9.09,9.87,10.65,11.56,12.34,11.04,10.39,1.95,9.09
55,LGC,Công nghiệp - Hàng không,8090.26,0.0,0.0,-0.52,-0.62,-0.62,5.82,3.95,3.95,3.01,3.01,-1.46,-1.46,-6.44,-0.83,-0.83,-0.83,-6.44,-6.44,-6.44,-4.68,-10.6,-10.6,-10.6,-10.6,-8.73,-8.73,-8.73,-8.73,-3.33,-6.44,-0.21,-0.21,-2.39,3.95,11.23,11.23,3.53,-3.43,-3.74,-3.95,-3.33,-3.33,-9.88,-8.52,-4.37,-4.57,-4.57,-10.19,-10.08,-9.98,-9.98,-10.6,-10.71,-10.71,-10.71,-6.76,-6.76,-4.78,-11.33,-5.2,-3.95,-4.16,-8.32,-8.63,-7.8,-8.0,-4.57,-11.23,-8.73,-9.04,-14.76,-10.71,-11.95,-9.77,-9.77,-9.77,-4.68,-11.33,-11.33,-11.33,-11.43,-17.57,-13.93,-10.81,-6.13,-8.94,-8.94,-9.77,-10.91,-10.91,-11.12,-11.12,-12.06,-12.68,-12.68,-12.89,-12.89,-13.1,-8.73,-8.73,-9.04,-9.04,-9.04,-9.04,-9.04,-6.44,-12.89,-9.77,-9.77,-10.19,-10.4,-10.4,-10.4,-10.4,-10.4,-10.4,-10.4,-12.79,-12.79,-12.79
56,MBB,Tài chính,91435.39,0.0,-1.37,-2.58,-1.72,-3.44,-4.12,0.34,2.06,1.89,1.37,2.75,2.06,2.92,9.28,10.31,12.03,14.43,13.4,15.81,16.15,16.15,14.43,15.98,16.67,9.97,12.37,12.2,14.09,12.2,12.2,18.21,18.04,16.84,17.18,18.21,16.84,11.68,13.75,13.06,10.65,6.53,5.67,6.7,8.08,8.76,8.59,10.31,10.82,10.31,10.65,11.51,10.48,10.14,9.28,8.25,9.97,12.2,13.23,14.43,13.4,12.2,14.6,15.81,14.09,10.82,12.03,11.0,7.9,4.12,0.69,1.37,3.09,3.09,-3.44,0.86,2.06,1.2,2.41,-0.69,-0.34,-3.78,-9.97,-7.04,-5.5,-11.86,-17.18,-15.46,-9.62,-8.42,-8.08,-7.22,-9.62,-7.73,-3.61,-4.98,-3.78,-3.44,-4.64,-5.15,-6.53,-5.84,-6.36,-7.39,-3.95,-4.47,-5.5,-11.86,-12.37,-14.43,-14.43,-19.93,-22.68,-22.85,-19.42,-17.35,-18.56,-17.18,-15.12,-15.12,-16.84
57,MBG,Công nghệ,764.02,0.0,2.55,12.74,10.83,5.73,4.46,4.46,-5.73,-7.64,-16.56,-24.84,-24.84,-17.83,-16.56,-24.84,-19.75,-21.66,-24.2,-22.93,-18.47,-16.56,-15.92,-15.92,-16.56,-19.75,-19.75,-16.56,-12.1,-11.46,-10.83,-14.01,-13.38,-18.47,-17.2,-12.1,-3.82,-5.1,-5.1,-3.82,-1.27,-3.18,-4.46,-4.46,-5.73,-6.37,-7.01,-5.1,-3.82,-4.46,-3.82,-5.1,-1.27,-1.27,2.55,-3.18,0.0,-7.64,-7.01,-5.73,-5.73,-5.73,-9.55,-14.65,-17.83,-21.66,-16.56,-16.56,0.0,0.0,-32.48,-29.94,-31.85,-32.48,-38.85,-34.39,-32.48,-33.12,-31.21,-31.85,-33.12,-36.31,-42.04,-40.76,-38.85,-43.95,-49.04,-48.41,-43.31,-42.04,-43.31,-42.68,-43.31,-43.31,-40.76,-40.13,-40.13,-36.94,-37.58,-39.49,-39.49,-40.76,-40.76,-43.31,-40.76,-40.76,-42.68,-48.41,-48.41,-53.5,-52.87,-56.69,-59.87,-60.51,-57.96,-56.05,-56.05,-54.78,-54.78,-54.14,-56.69
58,MSH,Hàng tiêu dùng,3615.68,0.0,0.39,-2.06,-0.64,-2.32,-5.93,-3.35,-0.77,1.42,-3.09,-1.16,-2.32,-3.74,-4.77,-3.35,-2.96,-3.48,-3.99,2.58,-0.77,0.64,1.03,1.8,1.68,1.93,0.13,-0.13,1.29,1.16,5.67,5.54,3.99,2.19,3.09,4.77,3.99,2.45,4.38,4.38,4.38,1.16,0.26,2.32,1.29,2.84,2.06,2.06,3.48,2.58,2.58,1.42,0.39,1.03,5.15,5.28,11.08,11.08,12.11,15.98,15.98,14.95,12.76,13.4,21.26,21.26,18.56,26.55,30.54,30.8,28.22,25.0,26.93,18.17,9.92,17.27,21.78,20.75,18.04,9.79,11.34,4.38,-2.84,-6.44,-7.73,-11.73,-17.78,-16.24,-10.44,-9.15,-9.79,-9.66,-11.73,-13.66,-11.34,-6.57,-5.15,-1.42,-0.77,0.64,3.09,4.12,1.8,-27.96,-22.94,-22.81,-26.55,-31.57,-30.8,-33.38,-28.74,-26.68,-27.32,-28.74,-33.63,-31.7,-33.51,-31.7,-32.22,-31.96,-34.15
59,MSN,Tài chính,155897.86,0.0,-5.29,-9.53,-9.41,-10.0,-14.76,-14.76,-14.82,-14.82,-16.47,-16.41,-11.0,-11.29,-11.18,-15.88,-10.0,-13.53,-16.47,-15.88,-13.0,-14.41,-13.76,-12.0,-11.88,-10.82,-5.59,-7.0,-4.12,-3.94,-5.71,-7.35,-7.53,-6.18,-7.06,-8.24,-7.94,-7.65,-6.41,-5.12,-6.94,-6.59,-8.53,-11.76,-16.18,-19.94,-17.0,-17.35,-18.82,-19.59,-14.71,-12.65,-13.53,-13.76,-13.88,-14.35,-15.29,-15.29,-16.35,-13.82,-11.76,-10.82,-9.53,-11.18,-12.65,-26.24,-25.35,-26.06,-26.47,-27.06,-29.12,-26.88,-27.65,-27.47,-31.76,-31.76,-30.0,-31.47,-31.76,-33.47,-30.0,-31.18,-32.41,-31.71,-34.18,-38.76,-43.0,-46.94,-43.24,-39.29,-35.06,-36.59,-38.53,-35.88,-35.0,-36.12,-35.29,-35.29,-33.88,-32.35,-32.76,-33.65,-31.18,-30.65,-29.82,-30.29,-31.18,-35.88,-37.47,-37.65,-34.88,-31.18,-34.71,-34.71,-37.65,-35.29,-35.59,-33.53,-32.94,-32.94,-34.12
60,MVB,Vật liệu,1911.0,0.0,-2.65,-3.41,-4.92,-4.55,-4.55,-2.27,-3.79,-3.03,-6.44,-7.58,-5.3,-7.2,-1.52,-9.09,-3.79,-3.79,-4.92,-9.85,-3.79,-6.06,-7.2,-6.44,-0.76,-4.55,-7.95,-4.92,-5.68,-7.2,-6.82,-9.85,-6.44,-6.44,-3.41,1.89,-0.38,0.38,4.92,3.79,6.06,1.89,-1.14,3.41,3.03,-1.52,0.76,0.38,-0.76,0.0,0.76,1.52,0.38,0.38,1.89,-1.14,0.38,4.17,4.17,4.17,1.14,1.89,0.76,0.76,0.76,-1.52,-6.06,-6.82,0.0,0.0,-6.06,-9.09,-9.09,-9.09,-5.3,-7.95,-7.95,-8.33,-9.09,-9.09,-6.44,-7.58,-14.77,-6.44,-6.44,-6.44,-6.44,-15.53,-12.88,-12.88,-12.88,-12.88,-16.67,-16.67,-11.36,-16.67,-16.67,-13.64,-14.02,-16.67,-17.05,-20.08,-19.7,-18.56,-15.91,-14.77,-13.26,-18.56,-24.24,-29.92,-26.52,-28.03,-28.79,-33.71,-33.71,-31.82,-31.82,-31.82,-31.82,-31.06,-31.06
61,MWG,Công nghệ,102898.79,0.0,-0.51,-0.22,-1.67,-3.48,-4.35,-1.31,-1.67,-2.76,-5.66,-5.59,-4.28,-3.7,-3.34,-5.73,-4.93,-4.28,-4.57,-3.85,-2.83,-1.09,-0.58,-1.09,-1.81,-4.21,-3.27,-3.56,-2.39,-2.76,-2.83,-0.07,0.0,-0.73,-0.15,-1.31,-1.31,-2.39,-0.94,-1.45,-2.61,-2.61,-2.9,-3.12,-3.48,-4.43,-4.64,-4.64,-5.08,-4.5,-2.1,-1.89,-2.03,-2.76,0.8,4.5,6.31,4.79,5.81,13.21,12.48,12.63,15.24,12.48,8.85,10.81,13.35,15.75,16.26,16.26,13.21,13.21,12.84,13.06,5.15,7.98,6.82,5.22,8.27,8.49,8.42,6.39,-1.02,1.67,2.32,-2.47,-9.22,-10.74,-4.5,-3.12,-3.48,-2.76,-5.08,-3.48,0.87,0.87,6.46,5.37,5.15,5.59,7.18,11.18,12.26,11.03,11.32,10.89,8.85,1.6,4.14,7.18,-42.67,-43.61,-46.37,-46.66,-49.35,-47.39,-47.82,-48.11,-47.17,-47.02,-48.11
62,NKG,Vật liệu,4923.29,0.0,-0.26,-4.27,-5.05,-5.82,-6.34,-4.14,-1.94,-3.49,-8.67,-13.84,-16.95,-13.45,-15.65,-21.47,-19.15,-19.02,-19.02,-18.76,-15.14,-9.31,-2.98,-1.03,1.42,2.98,2.2,2.2,2.98,7.12,5.56,4.27,6.34,4.27,6.86,14.23,17.08,21.35,28.85,26.13,30.4,27.04,32.47,32.47,29.24,20.83,20.31,20.57,17.08,19.53,22.38,27.68,26.26,26.52,29.24,34.02,31.95,27.3,21.99,24.19,22.9,21.47,22.9,20.18,16.17,8.15,9.7,12.55,11.51,5.56,-1.81,-1.68,-0.65,-2.2,-8.93,-8.93,-6.08,-5.56,-3.36,-7.89,-9.7,-10.74,-16.95,-16.95,-17.59,-23.29,-28.59,-33.51,-28.98,-24.97,-25.74,-23.16,-22.38,-26.65,-23.03,-22.12,-19.66,-19.79,-22.51,-25.49,-25.49,-38.42,-41.27,-44.63,-42.3,-38.29,-38.94,-43.21,-46.44,-50.06,-50.19,-53.56,-56.79,-59.51,-57.31,-56.66,-55.24,-52.39,-52.91,-50.97,-53.95
63,NT2,Năng lượng,7268.87,0.0,-1.85,-2.96,-2.4,-7.58,-7.58,-4.99,-10.17,-11.83,-17.93,-18.3,-18.48,-15.16,-14.6,-16.64,-15.34,-17.19,-18.3,-17.38,-13.49,-12.75,-12.01,-11.83,-11.83,-12.01,-12.01,-10.54,-10.91,-10.72,-9.06,-11.46,-11.83,-16.45,-16.08,-14.97,-14.23,-15.16,-15.34,-15.34,-12.75,-14.97,-15.34,-15.71,-16.64,-16.82,-16.45,-16.45,-16.64,-15.9,-15.71,-15.9,-14.23,-13.68,-14.42,-15.34,-13.49,-12.57,-9.8,-9.98,-14.79,-14.23,-11.28,-11.28,-12.38,-14.97,-15.34,-14.79,-12.2,-8.32,-10.17,-10.72,-14.6,-16.82,-22.55,-17.19,-17.19,-18.67,-17.01,-14.6,-15.71,-17.01,-22.55,-19.96,-17.74,-22.37,-25.69,-22.92,-19.22,-20.15,-20.33,-19.78,-19.96,-19.41,-16.82,-17.74,-17.56,-15.71,-13.49,-11.28,-13.86,-13.12,-7.21,-5.73,-3.88,2.77,-2.03,0.92,6.1,2.77,4.62,7.21,-0.18,-7.02,-13.49,-7.58,-10.17,-7.21,-8.32,-6.1,-8.32
64,NVL,Bất động sản - Xây dựng,144860.25,0.0,0.11,-0.9,-2.92,-5.73,-5.06,-5.84,-6.18,-7.87,-10.11,-10.0,-11.8,-11.8,-10.11,-12.25,-11.24,-10.79,-11.24,-10.22,-10.11,-11.01,-11.24,-11.8,-12.25,-12.36,-11.24,-12.25,-11.24,-11.8,-11.8,-12.25,-13.03,-14.61,-14.27,-15.39,-15.28,-14.16,-12.36,-13.48,-14.61,-14.61,-14.04,-13.48,-13.26,-14.04,-13.93,-13.03,-13.93,-13.37,-7.42,-5.51,-5.84,-6.97,-6.07,-7.3,-7.3,-10.11,-10.0,-7.19,-2.81,-1.46,-3.03,-4.94,-4.04,-4.49,-2.81,-4.49,-5.51,-7.64,-7.87,-8.54,-10.0,-8.99,-10.0,-8.99,-8.65,-8.2,-7.87,-9.55,-8.76,-9.21,-11.8,-11.24,-11.57,-15.39,-15.73,-15.73,-12.02,-12.02,-12.36,-12.58,-14.16,-13.26,-11.35,-12.36,-11.91,-11.57,-12.36,-12.36,-11.35,-12.92,-14.27,-14.61,-14.16,-14.04,-13.48,-14.61,-13.93,-14.16,-12.92,-14.94,-15.17,-15.17,-15.17,-15.84,-16.85,-11.46,-15.62,-15.62,-16.29
65,PAN,Nông nghiệp,4579.27,0.0,3.32,2.04,1.02,-3.83,-8.67,-10.71,-13.14,-14.29,-20.28,-23.47,-23.21,-20.28,-21.56,-27.04,-25.51,-25.89,-26.02,-26.02,-23.85,-21.43,-20.92,-21.3,-21.05,-23.21,-22.58,-18.62,-18.62,-19.26,-17.98,-17.47,-17.35,-19.64,-18.75,-15.94,-16.58,-17.6,-15.56,-15.82,-13.27,-15.82,-16.58,-16.96,-19.26,-21.81,-21.56,-21.43,-20.79,-20.54,-20.03,-19.39,-18.62,-18.62,-18.62,-17.35,-15.43,-17.86,-19.01,-18.62,-18.24,-18.11,-19.52,-19.39,-22.7,-25.13,-23.98,-24.49,-25.13,-28.06,-31.12,-32.91,-33.93,-34.95,-39.41,-36.22,-35.46,-36.1,-34.69,-32.14,-33.42,-36.48,-40.82,-39.54,-39.29,-43.49,-47.45,-50.0,-46.56,-46.43,-46.43,-45.66,-46.81,-46.68,-44.39,-43.37,-40.56,-40.82,-41.71,-40.69,-41.45,-42.22,-41.84,-37.88,-33.55,-34.69,-35.46,-39.54,-38.14,-39.03,-39.8,-44.01,-47.83,-50.51,-50.0,-47.32,-47.45,-46.05,-46.17,-46.56,-47.19
66,PDR,Bất động sản - Xây dựng,35194.26,0.0,-1.05,-1.05,-1.9,-1.37,-2.32,-5.06,-4.54,-3.16,-8.76,-7.17,-5.8,-5.27,-5.27,-9.92,-5.06,-8.44,-7.7,-4.22,-4.01,-6.12,-4.22,-5.06,-4.96,-5.59,-5.06,-4.85,-2.95,-3.8,-3.8,-5.27,-5.06,-6.54,-7.7,-10.34,-10.86,-8.02,-7.17,-4.54,-5.59,-8.12,-7.17,-7.07,-7.49,-7.7,-8.97,-9.49,-8.86,-10.34,-4.11,-3.69,-4.75,-0.95,-0.63,-1.9,-2.95,-4.32,-5.59,-2.22,-2.0,-1.9,-1.9,-2.32,-4.01,-5.06,-4.01,-5.59,-8.65,-7.38,-9.49,-33.02,-33.12,-31.54,-34.6,-33.86,-34.6,-34.6,-34.49,-35.13,-35.13,-35.65,-37.45,-34.7,-35.97,-39.87,-43.46,-42.41,-39.87,-41.14,-43.04,-43.25,-44.09,-43.88,-44.3,-43.46,-42.72,-41.67,-42.19,-42.51,-42.83,-43.35,-43.35,-44.2,-44.41,-43.88,-44.41,-47.26,-47.36,-48.52,-46.41,-46.94,-47.36,-46.73,-45.36,-44.94,-44.62,-44.51,-44.09,-44.73,-45.36
67,PET,Dịch vụ,3273.11,0.0,2.07,9.09,9.09,2.2,2.34,1.24,-0.28,2.2,-3.31,-0.55,2.2,3.72,3.03,-2.62,-0.96,-2.07,-3.58,-3.31,3.31,4.82,4.27,5.37,7.44,14.88,13.36,17.77,25.9,27.82,23.97,32.64,41.87,44.63,44.63,54.55,51.52,52.07,46.56,48.76,53.17,42.7,40.5,44.35,44.63,38.57,34.16,40.22,46.01,41.87,47.93,49.31,59.5,63.91,73.55,81.82,77.96,72.18,73.28,85.4,86.78,76.31,64.19,75.48,63.64,52.34,62.26,65.29,66.67,76.31,72.73,65.29,53.72,42.98,33.06,26.72,29.75,30.58,36.36,34.99,29.48,20.52,12.12,8.54,5.1,-2.2,-8.95,-15.29,-9.37,-8.82,-8.82,-2.48,-2.48,1.93,8.95,8.95,13.5,13.5,12.95,12.12,19.83,22.59,24.24,26.45,26.45,23.97,15.29,7.3,4.68,-2.2,4.55,11.85,8.26,2.07,-4.96,1.65,1.93,5.79,4.41,3.31,3.58
68,PGD,Năng lượng,2870.94,0.0,0.0,-0.91,-1.06,-1.21,-2.42,-3.03,-5.3,-9.09,-8.18,-7.88,-10.45,-6.36,-8.64,-10.15,-10.61,-8.48,-10.3,-10.3,-4.09,-4.09,-6.36,-7.88,-6.97,-0.91,1.52,-3.33,-3.48,0.0,6.97,14.39,15.91,16.06,11.06,10.76,11.21,10.61,10.3,11.82,15.15,9.09,12.12,8.48,5.45,6.06,5.3,3.33,-0.76,0.91,0.0,2.12,2.42,3.64,3.64,1.52,1.82,1.21,0.45,2.88,1.52,3.33,3.48,5.45,3.64,2.42,0.76,6.06,6.06,6.82,14.24,6.97,8.94,1.52,-2.73,0.0,2.42,1.82,5.45,4.24,5.45,4.24,-2.73,0.0,0.0,-4.55,-7.58,-7.27,-4.85,-4.85,-4.39,-5.45,-4.55,-4.55,-4.55,-1.67,-1.82,0.0,0.61,0.61,2.12,0.0,3.03,3.03,7.27,9.09,5.45,4.85,6.06,2.12,6.82,6.52,5.3,4.55,0.0,1.52,-0.91,1.52,1.52,-2.42,-2.42
69,PGV,Năng lượng,29097.82,0.0,-0.24,-2.63,-2.39,-3.82,-3.34,-5.73,-5.25,-5.25,-6.44,-5.49,-6.92,-5.97,-5.01,0.0,0.0,0.0,0.0,0.0,0.0,0.0,0.0,0.0,1.19,0.48,-3.58,-4.53,-6.92,-6.92,-8.11,-9.79,-9.31,-10.02,-9.9,-10.26,-10.26,-10.74,-10.74,-11.69,-11.69,-13.13,-14.68,-13.6,-13.37,-16.71,-15.27,-15.27,-15.27,-15.27,-15.51,-15.51,-15.16,-13.6,-14.08,-14.32,-14.56,-15.75,-15.75,-16.71,-15.99,-16.47,-17.42,-17.9,-21.24,-20.41,-20.53,-20.53,-22.67,-24.58,-25.54,-26.25,-25.06,-22.67,-24.82,-25.42,-25.3,-23.87,-23.27,-23.15,-23.39,-24.82,-28.52,-31.03,-30.43,-30.07,-31.86,-32.34,-32.1,-29.83,-30.07,-30.79,-30.07,-31.74,-31.26,-31.26,-31.03,-30.19,-29.83,-25.78,-24.11,-24.11,-28.4,-27.45,-26.01,-25.78,-26.97,-31.86,-30.79,-32.22,-30.07,-32.58,-34.13,-35.68,-36.16,-38.07,-38.66,-38.66,-38.9,-38.9,-37.47
70,PHP,Công nghiệp - Hàng không,5819.89,0.0,-0.74,-1.86,0.37,-2.97,-4.09,-4.09,-6.69,-6.69,-15.24,-17.47,-14.87,-11.15,-11.15,-18.22,-15.61,-15.61,-14.5,-12.27,-4.46,-4.09,-3.35,-5.2,-4.09,-2.23,-1.86,-2.6,-1.86,-2.23,-1.86,-5.2,-4.09,-8.92,0.0,2.6,1.86,4.83,13.38,10.78,10.78,4.09,8.18,4.83,2.97,0.0,-0.74,0.0,-1.49,-0.74,1.12,0.0,0.37,1.86,0.74,-1.86,-2.6,-1.86,-3.35,-4.83,-4.46,-3.35,-5.58,-8.18,-9.67,-13.38,-9.67,-12.27,0.0,0.0,-14.87,-18.59,-22.68,-23.05,-28.62,-26.39,-23.42,-19.33,-18.22,-16.36,-17.84,-18.22,-26.39,-24.16,-23.79,-28.62,-31.23,-31.23,-29.37,-29.37,-28.62,-27.51,-27.14,-26.77,-25.65,-25.28,-24.91,-25.28,-26.02,-24.16,-25.65,-26.02,-25.65,-25.65,-24.91,-24.54,-26.02,-31.23,-31.23,-34.2,-31.6,-34.2,-35.69,-35.69,-36.06,-34.94,-34.94,-33.83,-33.83,-33.09,-33.83
71,PLC,Vật liệu,1955.3,0.0,0.45,-2.25,0.45,7.87,14.16,12.36,1.12,11.24,1.12,4.49,9.89,10.79,11.69,4.72,7.42,1.8,-8.31,-9.44,-5.62,-6.74,-4.49,-4.49,-3.37,-5.17,-4.94,-2.25,-1.12,0.22,1.8,0.0,1.8,1.12,0.67,4.72,4.94,5.17,7.87,6.97,9.44,2.47,3.6,2.92,5.62,2.7,4.27,4.27,3.6,4.49,8.99,8.99,9.21,9.21,11.91,12.36,15.06,12.36,8.31,4.94,6.29,10.11,10.56,8.76,4.94,-3.37,0.0,1.12,0.0,0.0,-17.75,-23.37,-22.7,-22.7,-30.34,-30.11,-24.72,-24.49,-23.6,-18.65,-19.1,-23.6,-31.24,-28.09,-26.74,-32.36,-39.1,-39.78,-33.93,-31.91,-31.91,-31.69,-31.69,-30.79,-25.84,-25.39,-25.39,-25.17,-23.82,-28.09,-28.99,-31.69,-33.03,-32.81,-29.89,-29.89,-31.46,-38.2,-38.65,-42.47,-41.57,-43.82,-49.44,-50.56,-49.44,-47.42,-46.97,-45.39,-43.82,-44.04,-45.62
72,PLX,Năng lượng,49759.04,0.0,-0.36,-0.72,0.72,-1.61,-3.22,-1.97,-3.04,-1.61,-4.11,-3.4,-3.4,-3.04,-1.97,-2.86,-2.68,1.97,1.97,0.36,5.01,5.19,6.26,8.23,6.26,7.69,5.55,5.55,7.33,6.98,7.16,10.91,11.81,13.42,11.63,11.45,9.66,10.02,12.34,9.3,13.24,9.66,12.7,9.66,3.76,0.0,0.18,0.54,-0.18,0.0,0.18,1.61,0.18,0.18,0.18,0.18,0.89,-1.61,-1.25,-1.43,0.54,0.36,0.18,1.25,0.54,-2.33,-2.15,-2.15,-2.15,-5.37,-8.77,-8.23,-10.02,-10.38,-16.64,-14.49,-13.6,-14.49,-14.13,-12.97,-14.85,-18.07,-23.79,-23.61,-25.76,-30.95,-33.18,-30.05,-25.22,-25.94,-27.55,-27.55,-28.0,-28.44,-25.94,-23.88,-23.79,-22.36,-21.29,-20.39,-22.18,-22.18,-19.68,-16.46,-16.19,-16.1,-19.5,-24.87,-22.9,-26.65,-24.78,-25.04,-29.79,-30.23,-29.34,-27.19,-27.01,-25.76,-25.22,-26.65,-27.91
73,PNJ,Dịch vụ,31071.39,0.0,-1.45,-1.97,-2.69,-3.42,-2.49,-3.94,-2.49,-2.69,-3.11,-3.32,-4.35,-2.59,-1.04,0.41,0.52,4.66,4.66,7.77,11.19,8.81,7.05,7.05,8.6,8.39,9.33,10.16,11.81,10.88,10.36,13.99,13.58,12.95,11.71,6.74,8.81,7.15,7.77,10.05,11.92,9.84,14.51,12.23,8.29,2.07,6.63,6.53,6.74,7.25,9.43,10.88,8.91,10.88,12.12,12.12,14.51,12.23,14.51,21.45,20.83,22.07,22.38,19.27,18.65,16.48,20.21,21.24,21.35,27.98,23.21,23.21,23.32,19.17,10.88,11.3,10.88,10.05,11.92,12.23,13.99,10.36,2.69,6.74,10.88,4.77,1.04,1.55,6.84,5.8,5.8,9.84,8.29,11.81,19.59,18.45,26.74,24.87,19.07,21.55,27.67,27.67,29.53,32.64,32.64,33.16,25.08,16.37,20.21,22.28,26.22,26.42,22.28,24.15,20.21,24.87,26.42,34.2,34.2,34.2,33.16
74,POM,Vật liệu,1969.3,0.0,-1.02,-1.02,-1.37,-2.73,-2.73,-4.44,-3.41,-5.12,-8.53,-14.68,-14.68,-11.95,-9.22,-14.68,-11.95,-11.26,-11.26,-11.6,-9.22,-3.07,3.41,1.71,1.37,-1.02,-1.71,-0.34,-0.34,-0.68,-1.37,-3.07,-1.71,-5.46,-4.44,0.0,-0.34,-1.02,5.8,4.44,7.51,2.39,4.78,3.07,0.68,-3.07,-2.39,-1.71,-2.73,-1.71,-1.71,-1.02,-1.37,-1.37,-1.02,-1.37,-2.39,-4.44,-6.14,-5.12,-4.78,-4.44,-5.46,-5.8,-7.17,-10.58,-10.92,-9.9,-12.63,-17.06,-19.11,-24.57,-28.33,-28.67,-33.11,-31.74,-28.67,-26.96,-24.91,-24.91,-27.99,-27.65,-32.7,-33.79,-32.42,-36.18,-40.61,-40.82,-38.23,-37.54,-38.57,-38.63,-38.91,-40.61,-40.07,-39.04,-36.45,-36.45,-37.06,-37.82,-38.57,-39.52,-39.39,-41.37,-40.68,-38.36,-38.36,-42.66,-44.64,-47.1,-46.62,-49.76,-51.19,-52.97,-51.6,-51.54,-50.85,-51.47,-51.06,-50.65,-51.88
75,POW,Năng lượng,31849.45,0.0,1.6,2.94,7.75,0.27,-0.27,-2.94,-9.63,-5.35,-11.76,-17.65,-15.78,-10.96,-10.96,-17.11,-11.5,-12.83,-12.3,-10.16,-4.55,-4.28,-4.81,-0.8,-2.14,-5.35,-3.21,-2.67,-0.53,-0.8,-1.6,-4.81,-2.94,-5.08,-4.55,-7.22,-6.68,-6.68,-8.02,-7.49,-8.82,-8.02,-10.43,-11.23,-13.64,-16.31,-12.3,-12.83,-12.83,-13.9,-13.37,-11.76,-9.63,-10.16,-11.23,-14.17,-13.1,-14.71,-15.24,-14.44,-13.37,-12.57,-12.3,-10.96,-13.37,-16.58,-16.04,-16.84,-21.39,-22.46,-27.81,-30.21,-28.88,-28.61,-33.42,-30.48,-30.75,-31.55,-29.68,-24.87,-24.33,-25.67,-30.75,-28.88,-29.41,-34.22,-38.77,-37.97,-33.69,-32.35,-31.55,-31.55,-31.82,-31.28,-28.34,-29.68,-28.61,-28.07,-27.54,-25.4,-27.54,-27.81,-26.2,-21.12,-17.65,-14.97,-19.79,-18.45,-18.45,-22.46,-17.65,-13.9,-19.79,-25.4,-30.48,-25.67,-27.54,-25.94,-25.67,-26.47,-27.27
76,PPC,Năng lượng,5674.85,0.0,-1.21,-1.81,-1.81,-0.81,-2.02,-4.84,-8.67,-7.66,-9.88,-10.08,-10.89,-9.48,-10.08,-11.29,-9.27,-10.48,-10.48,-8.87,-9.48,-8.27,-7.86,-8.06,-8.47,-9.68,-9.88,-9.88,-8.87,-9.27,-9.27,-9.48,-9.68,-10.89,-10.48,-10.08,-10.08,-10.28,-10.69,-9.68,-10.48,-10.89,-10.69,-10.69,-10.89,-11.49,-11.29,-11.49,-11.49,-11.9,-12.1,-11.69,-11.29,-11.29,-11.69,-10.48,-10.28,-11.09,-11.29,-11.69,-10.89,-10.89,-11.69,-11.69,-12.5,-13.71,-14.11,-14.92,-15.93,-18.15,-19.35,-19.96,-20.97,-20.36,-23.39,-23.39,-23.39,-23.39,-23.39,-23.39,-23.79,-24.6,-27.82,-28.23,-26.41,-28.83,-30.04,-28.83,-26.81,-27.02,-28.43,-28.63,-28.63,-29.03,-28.63,-28.23,-27.42,-28.63,-27.82,-22.98,-26.21,-26.41,-24.4,-20.56,-20.56,-21.17,-23.39,-27.02,-28.43,-28.83,-28.23,-27.22,-26.21,-27.82,-29.03,-28.63,-29.03,-29.23,-28.43,-29.03,-29.44
77,PTB,Dịch vụ,4177.56,0.0,1.43,4.08,3.88,3.88,2.14,1.43,2.55,3.27,3.27,4.08,5.0,10.2,10.92,8.67,14.29,11.73,10.1,9.49,6.22,6.33,4.69,5.71,6.12,5.31,4.49,5.1,5.31,6.12,8.78,9.49,9.18,9.08,9.59,10.51,10.0,8.67,9.18,10.2,9.18,7.14,7.65,7.76,15.2,16.33,14.9,14.59,14.59,14.8,16.73,17.86,18.57,22.96,25.0,25.0,25.51,24.49,22.45,21.63,25.41,24.49,24.08,18.57,18.37,18.37,20.41,20.92,29.29,32.14,29.08,26.73,19.39,11.12,3.37,5.51,8.67,9.39,12.76,13.47,10.51,8.16,0.61,2.45,5.71,2.04,-2.55,-2.04,0.0,-1.02,0.0,4.59,5.82,4.39,6.22,-21.22,-19.69,-16.43,-17.04,-18.27,-15.31,-14.29,-15.1,-18.37,-16.73,-15.61,-18.37,-24.08,-26.02,-26.53,-25.82,-30.41,-31.63,-36.33,-38.16,-35.61,-34.69,-34.59,-36.22,-36.63,-38.37
78,PVD,Năng lượng,8489.89,0.0,-0.16,-0.32,1.45,-5.47,-5.14,1.45,0.0,0.96,2.89,8.68,4.66,6.27,8.84,4.66,5.79,4.5,5.31,-1.93,0.32,-1.29,-4.02,-1.29,-0.8,-0.32,-1.61,0.0,-0.16,-0.8,0.32,3.05,7.72,14.47,9.97,12.22,12.22,16.72,15.76,12.86,20.74,21.22,28.46,24.76,19.29,14.63,15.76,13.99,10.61,14.15,16.72,17.52,15.43,14.79,13.34,15.43,17.52,13.5,9.97,7.07,8.68,9.49,8.84,6.75,0.0,-6.91,-4.18,-2.57,-2.73,-7.72,-6.91,-13.34,-19.29,-24.92,-30.06,-25.24,-25.24,-37.3,-34.73,-34.08,-34.08,-38.59,-42.77,-38.91,-38.91,-43.09,-46.95,-44.37,-40.51,-39.39,-35.21,-35.21,-33.28,-33.76,-29.26,-29.58,-28.94,-28.62,-26.37,-23.79,-26.05,-26.05,-27.33,-24.44,-22.35,-22.35,-26.69,-31.67,-28.62,-32.64,-32.48,-35.69,-40.19,-44.37,-48.23,-44.69,-45.34,-44.05,-43.09,-44.05,-46.62
79,PVI,Dịch vụ,11267.03,0.0,0.82,0.21,-0.62,-1.65,-2.26,-2.26,-2.26,-2.47,-4.32,-5.14,-5.35,-4.94,-4.94,-5.56,-5.76,-3.09,-2.67,1.23,-0.21,0.0,0.21,0.41,0.82,-0.62,-0.62,0.21,0.62,0.41,0.62,0.62,2.26,2.26,2.47,2.47,5.76,4.53,4.94,3.09,1.85,0.82,2.06,3.91,2.26,2.06,2.26,2.06,2.67,2.26,4.94,4.12,7.82,8.64,8.85,8.02,9.26,13.17,12.96,0.0,16.87,16.67,16.67,15.23,12.14,7.0,10.49,9.47,0.0,16.67,12.96,9.26,13.58,10.08,-0.21,3.29,3.91,4.12,11.11,11.11,10.91,11.52,0.82,3.91,5.97,-0.21,-2.26,-2.67,2.88,1.85,0.62,0.62,0.82,-0.21,4.73,3.91,3.29,3.29,3.91,2.88,3.91,1.85,0.82,5.76,9.05,7.61,4.53,0.0,0.0,3.91,4.32,2.26,-0.62,-1.44,0.62,1.23,0.41,0.41,0.41,-1.23,-1.03
80,PVS,Năng lượng,11423.39,0.0,0.0,0.35,2.84,-1.77,-2.48,1.06,-2.48,-1.06,-0.71,2.48,1.77,1.06,4.61,2.84,1.42,0.71,2.48,-3.9,2.48,1.77,0.0,1.77,2.84,5.67,3.9,3.55,3.55,2.84,3.19,7.09,17.73,23.4,19.86,23.76,24.11,32.27,32.27,28.01,36.88,34.75,39.72,35.46,30.85,23.4,24.82,23.76,20.57,23.4,24.47,27.3,24.82,25.18,22.34,28.01,31.91,26.6,23.05,0.0,21.63,21.63,22.34,23.4,18.79,7.09,10.64,10.99,0.0,6.38,6.38,-3.19,-12.77,-15.96,-23.76,-16.31,-14.89,-16.67,-12.77,-9.22,-8.16,-14.18,-21.99,-14.18,-11.35,-20.21,-18.09,-9.93,-2.13,-4.61,0.35,-2.48,-1.06,-1.42,3.55,0.71,0.0,2.84,8.87,13.12,9.57,10.64,11.7,17.02,13.48,14.18,5.32,-3.55,6.03,5.32,8.51,7.8,-2.84,-12.41,-20.21,-12.41,-14.89,-12.77,-9.93,-11.35,-15.25
81,PVT,Năng lượng,6634.85,0.0,-1.19,-1.39,-0.79,-4.76,-7.14,-5.16,-8.33,-7.54,-12.9,-16.67,-15.87,-12.7,-13.49,-14.09,-14.68,-15.08,-16.67,-15.87,-13.1,-11.71,-8.73,-8.33,-9.33,-7.94,-9.52,-8.93,-8.53,-9.13,-8.73,-7.74,-1.39,-0.79,-3.57,-1.19,-0.79,3.17,10.32,8.73,15.48,9.92,12.9,9.72,4.37,-2.18,1.19,0.4,2.38,2.38,3.17,4.56,1.98,1.59,1.59,3.17,5.95,1.59,1.98,0.4,-0.4,-0.6,-2.78,-1.98,-5.56,-8.73,-6.55,-5.56,-6.75,-10.71,-8.73,-14.68,-16.67,-20.63,-26.19,-22.62,-22.02,-23.02,-19.44,-18.65,-18.65,-23.61,-28.77,-25.79,-24.8,-29.96,-34.33,-29.76,-25.0,-25.2,-22.62,-23.02,-22.62,-23.41,-18.06,-18.06,-18.85,-17.86,-15.08,-11.31,-14.48,-14.09,-13.29,-7.74,-7.54,-6.94,-13.29,-19.25,-16.67,-19.25,-16.47,-15.08,-20.83,-21.23,-26.59,-21.83,-23.81,-20.04,-16.67,-14.68,-19.84
82,RAL,Hàng tiêu dùng,2180.0,0.0,0.45,-1.26,-0.96,-0.96,-2.08,-4.67,-4.15,-4.3,-5.86,-7.05,-8.01,-7.34,-2.97,-5.04,-5.04,-4.23,-4.38,-4.82,-3.56,-2.6,0.52,0.07,1.63,0.52,2.97,2.37,2.15,2.37,2.97,2.37,4.6,3.86,4.38,2.15,3.12,1.11,-0.22,-2.37,-0.59,-0.59,-1.63,-1.85,-2.0,-3.49,-3.12,-2.23,-2.82,-2.82,-2.82,-2.45,-2.0,-2.08,1.63,0.45,2.37,2.0,1.71,2.0,7.57,7.57,7.57,6.68,4.01,4.23,4.23,4.9,11.28,14.69,13.5,11.94,7.64,8.16,3.86,3.12,2.37,3.56,3.49,3.86,3.12,2.45,-2.82,-2.97,0.07,-1.41,-4.6,-5.79,-5.27,-3.12,-4.3,-4.3,-4.38,-4.45,-3.04,-3.56,-2.89,-0.89,-3.49,-4.6,-4.82,-5.79,-7.27,-8.01,-8.01,-8.09,-8.83,-14.02,-17.06,-18.4,-19.14,-24.33,-28.12,-25.82,-24.78,-23.22,-22.11,-27.52,-26.93,-26.04,-27.37
83,REE,Bất động sản - Xây dựng,30564.62,0.0,1.43,-0.14,-1.0,-2.71,-5.71,-5.57,-5.57,-5.14,-8.57,-8.57,-8.14,-6.71,-6.29,-10.0,-8.14,-7.29,-3.71,-1.43,-2.0,-0.86,-0.43,-2.57,-2.43,-3.57,-2.43,3.29,2.14,3.57,3.43,2.29,6.43,5.0,5.71,8.0,6.71,5.71,8.14,7.0,5.43,3.57,1.57,2.43,3.14,4.14,2.86,1.71,2.57,2.57,2.86,5.86,6.43,13.86,12.86,14.14,15.0,16.29,16.71,20.14,17.86,17.14,21.0,15.71,16.86,13.0,15.86,17.14,24.29,26.57,20.86,14.29,15.43,9.43,1.86,5.57,5.71,13.0,17.71,18.57,17.43,22.86,15.71,23.71,32.29,24.29,15.71,7.71,0.14,4.29,9.29,8.86,5.0,7.14,14.57,19.71,28.0,35.29,29.29,36.43,32.0,32.86,31.14,37.14,40.43,38.29,28.71,23.57,29.29,29.71,38.29,41.43,31.57,22.43,14.0,21.86,22.57,22.86,25.14,23.43,23.14
84,SAB,Hàng tiêu dùng,98693.17,0.0,1.46,-0.25,-2.42,-3.18,-2.61,-2.68,-3.82,-3.25,-4.46,-3.82,-4.46,-5.73,-5.73,-7.64,-7.64,-8.47,-5.22,-5.29,-3.12,-1.4,-2.04,0.0,1.66,6.94,8.28,7.26,8.6,7.9,8.03,7.26,8.15,8.09,8.03,8.15,7.01,7.64,6.43,1.91,-1.53,-0.89,-1.27,0.0,-1.91,-1.91,-3.63,-1.91,-1.91,-3.5,-3.06,-1.91,0.32,0.51,0.32,0.38,0.64,0.57,1.27,5.29,6.05,5.86,7.96,6.05,4.59,4.01,4.14,6.31,7.39,8.28,7.58,9.55,8.09,8.47,0.89,7.64,7.64,5.1,3.25,4.14,7.9,6.69,1.97,5.03,4.14,5.03,3.63,0.51,5.41,2.87,3.76,-0.32,-1.85,-1.91,-1.91,-2.55,-1.91,-2.29,-2.23,-2.48,-2.55,-1.15,0.96,1.85,1.72,0.0,0.45,-2.55,-4.46,-3.18,-0.38,-0.64,-3.18,-1.27,-0.64,-2.29,-0.89,-0.13,0.06,-1.91,-1.53
85,SBT,Nông nghiệp,11730.78,0.0,-0.19,-0.95,0.0,2.29,-2.48,-2.86,-8.95,-8.19,-14.48,-20.38,-17.71,-15.05,-15.43,-21.33,-16.95,-16.19,-16.19,-16.19,-13.9,-12.38,-12.38,-12.38,-12.95,-14.48,-14.48,-12.38,-12.38,-12.76,-12.38,-13.14,-10.1,-13.33,-12.76,-13.9,-12.38,-12.38,-6.29,-6.29,-2.86,-6.48,-8.38,-7.05,-9.71,-12.38,-12.38,-12.38,-11.62,-12.38,-11.24,-10.86,-11.62,-11.05,-8.57,-8.57,-5.71,-8.38,-8.57,-7.43,-7.62,-8.57,-8.95,-12.76,-13.9,-16.19,-14.86,-14.86,-13.9,-15.62,-21.52,-26.86,-26.86,-25.9,-31.05,-29.52,-29.14,-30.29,-27.62,-25.71,-25.9,-29.52,-34.29,-37.14,-36.76,-41.14,-45.14,-44.0,-40.19,-38.48,-38.48,-38.48,-39.05,-40.57,-38.1,-33.9,-32.76,-32.57,-33.33,-33.14,-33.71,-34.29,-34.67,-30.48,-30.67,-31.05,-33.9,-38.48,-38.29,-39.62,-38.29,-39.81,-44.0,-43.43,-41.71,-40.0,-39.05,-38.29,-37.52,-33.33,-28.95
86,SCS,Dịch vụ,7833.07,0.0,-1.82,0.72,0.0,2.08,2.34,2.28,2.08,2.08,1.43,1.95,1.37,1.37,1.11,2.73,0.52,1.63,3.77,3.71,5.98,6.96,6.63,6.63,6.96,6.57,7.35,7.87,7.35,5.07,7.41,6.37,5.98,4.03,5.07,6.57,5.98,5.85,4.03,4.68,3.58,2.73,2.41,2.21,2.08,1.43,1.37,2.73,1.76,2.02,2.02,1.43,3.32,2.21,2.08,2.93,4.1,5.4,5.07,5.59,10.53,12.48,11.51,9.88,7.28,10.21,13.07,12.87,13.72,15.08,15.47,15.08,13.59,13.2,9.23,14.04,16.38,17.04,16.91,14.82,13.85,13.0,10.6,10.53,8.26,8.58,5.33,5.33,10.53,10.53,8.52,5.72,9.23,8.45,9.23,8.65,9.17,8.91,9.23,9.82,9.23,10.53,8.97,8.84,9.95,10.53,11.38,8.58,7.48,4.75,6.96,3.9,2.28,2.28,1.24,1.63,1.69,6.63,4.23,3.58,3.19
87,SGN,Dịch vụ,2263.52,0.0,-0.29,-1.15,-0.72,-2.01,-1.72,-1.72,-2.3,-1.58,-3.16,-3.87,-3.87,-4.73,-1.72,-2.58,-3.59,-2.87,-2.58,-1.72,4.02,8.32,9.61,9.04,4.73,5.45,9.04,16.64,19.08,18.36,18.36,15.21,15.06,15.93,15.93,12.63,14.78,11.19,13.92,13.77,11.33,10.47,10.04,11.62,11.62,11.91,11.91,11.91,11.33,11.76,11.62,10.33,10.47,10.04,10.19,10.19,10.19,10.19,10.04,10.19,11.91,11.19,9.9,10.47,9.18,9.04,9.18,11.91,11.62,11.62,11.76,11.62,8.9,6.46,1.87,1.72,0.43,0.43,1.87,3.3,2.58,0.43,0.43,-4.02,-3.87,-3.87,-3.16,-5.16,-3.87,-3.87,-4.02,-4.02,-6.03,-3.87,-3.87,-2.87,-3.16,0.43,-0.29,-1.0,-0.72,-0.72,-0.72,-1.0,-1.0,-0.29,-2.44,-1.43,-1.72,-4.59,-4.45,-6.17,-4.02,-3.44,-3.16,-3.59,-2.73,-3.87,-2.58,-3.16,-2.44
88,SGT,Công nghệ,1894.44,0.0,-1.68,0.56,-1.4,2.51,-0.84,-2.51,-8.52,-4.47,-11.03,-17.18,-15.64,-11.17,-11.17,-17.32,-16.48,-22.07,-24.3,-21.79,-18.44,-16.76,-17.04,-14.94,-15.78,-18.16,-17.74,-14.8,-15.78,-15.5,-11.03,-13.41,-13.41,-16.2,-15.92,-12.85,-13.41,-13.69,-14.66,-14.25,-15.92,-17.18,-17.32,-17.04,-18.44,-18.72,-18.44,-15.78,-15.22,-14.53,-14.8,-14.39,-15.64,-16.06,-10.2,-7.12,-6.42,-5.59,-5.87,-6.15,-5.59,0.42,-2.23,-3.63,-10.34,-10.89,-9.22,-11.73,-10.75,-13.41,-13.41,-15.64,-20.11,-21.79,-24.58,-20.39,-20.39,-20.81,-21.79,-16.34,-10.61,-7.26,-13.69,-12.01,-17.32,-23.04,-28.35,-25.98,-20.95,-21.37,-15.92,-16.2,-18.99,-17.88,-16.2,-16.2,-18.02,-18.99,-19.55,-18.99,-20.39,-22.21,-21.79,-21.79,-20.39,-20.39,-21.09,-22.07,-24.58,-25.14,-25.14,-25.98,-31.15,-31.01,-31.56,-31.01,-31.56,-27.09,-27.37,-27.37,-27.37
89,SHB,Tài chính,35869.45,0.0,-2.22,0.0,-1.78,-5.33,-6.44,-1.33,-1.11,0.0,-2.22,-8.44,-7.56,-8.44,-8.44,-8.44,-4.89,-1.33,-2.67,0.0,2.67,3.11,7.11,4.89,4.89,-2.22,0.22,0.44,0.0,-0.89,-0.89,-2.0,-1.78,-3.56,-3.11,-3.78,-4.44,-6.67,-6.22,-5.11,-6.44,-6.89,-6.67,-6.44,-6.44,-2.89,-3.56,-3.33,-1.78,-3.78,-1.56,-2.0,-2.44,-2.22,-2.22,-4.89,-3.78,-3.33,-4.89,-1.78,-3.56,-5.33,-5.11,-8.22,-11.11,-15.56,-12.89,-12.67,-13.56,-13.56,-19.33,-24.89,-28.0,-27.11,-31.33,-29.78,-28.0,-28.0,-27.56,-25.78,-26.67,-31.11,-35.56,-34.67,-34.89,-39.11,-43.11,-46.0,-42.22,-38.22,-35.78,-34.44,-35.56,-36.0,-32.44,-32.89,-32.44,-32.67,-34.22,-34.0,-35.11,-35.78,-37.56,-39.33,-35.11,-34.89,-36.44,-40.0,-39.56,-41.11,-40.89,-42.44,-40.67,-42.67,-41.33,-39.78,-40.0,-39.33,-37.11,-37.78,-40.0
90,SHI,Hàng tiêu dùng,2203.08,0.0,1.27,6.03,7.62,14.92,12.06,14.29,6.35,8.57,1.59,-4.76,-5.71,-0.95,0.0,-5.4,-2.22,-4.76,-4.76,-6.35,-3.81,-2.86,-0.63,-1.59,-1.27,-3.49,-2.54,-0.32,6.35,3.49,7.3,10.16,7.94,2.54,4.13,7.94,6.67,5.4,9.52,7.94,8.25,6.03,7.94,8.89,16.19,19.37,15.56,17.46,17.78,14.29,11.75,13.02,16.51,14.92,14.29,6.98,8.25,2.86,4.76,3.81,3.17,6.03,3.49,2.22,-1.59,-4.76,-2.54,-2.22,-4.76,-4.76,-6.35,-4.76,-7.3,-7.3,-4.76,-4.13,-3.17,-4.76,-4.76,-4.76,-4.76,-7.94,-4.44,-4.76,-4.76,-8.57,-12.06,-9.21,-2.86,-5.08,-6.67,-7.3,-4.76,-4.44,-4.76,-5.08,-6.67,-4.76,-6.35,-6.98,-5.08,-4.44,-6.98,-7.94,-5.71,-4.76,-6.35,-8.57,-8.89,-4.76,-7.94,-11.11,-8.25,-4.76,-6.03,-5.4,-4.76,-7.62,-6.35,-4.76,-7.62
91,SSB,Tài chính,62695.49,0.0,-1.32,-3.62,-6.91,-10.64,-14.36,-10.09,-8.77,-8.55,-15.35,-16.12,-16.89,-16.34,-13.93,-14.04,-12.39,-13.16,-14.47,-13.82,-13.82,-16.23,-15.79,-15.35,-16.12,-19.74,-18.42,-19.3,-20.39,-20.61,-20.39,-21.05,-20.07,-20.61,-20.39,-22.37,-19.08,-17.11,-17.0,-16.67,-17.11,-17.32,-17.76,-17.76,-17.76,-17.98,-17.76,-17.32,-17.11,-17.0,-17.0,-16.01,-16.23,-16.45,-16.45,-17.43,-19.96,-16.56,-16.56,-15.57,-15.46,-15.68,-15.68,-16.34,-17.11,-16.67,-16.56,-16.34,-16.67,-17.21,-17.43,-17.21,-16.78,-17.21,-22.15,-20.07,-18.75,-18.31,-19.41,-20.5,-20.61,-22.59,-24.34,-21.05,-21.05,-23.25,-24.01,-23.68,-23.68,-23.68,-24.12,-23.57,-24.34,-25.33,-25.33,-24.89,-24.12,-24.78,-25.88,-26.54,-25.88,-25.88,-25.99,-26.75,-25.88,-26.64,-27.41,-30.7,-27.63,-25.44,-34.1,-34.21,-34.21,-34.32,-32.57,-32.24,-31.58,-31.25,-31.03,-30.7,-30.7
92,STB,Tài chính,41474.75,0.0,1.4,1.87,-0.47,-1.56,1.09,8.1,6.85,9.03,1.56,5.61,2.34,2.8,7.79,3.74,8.1,10.75,10.28,10.75,10.9,11.68,9.19,8.26,9.97,2.34,4.36,4.67,5.61,3.89,3.43,4.98,4.67,2.49,2.8,2.34,1.71,-2.65,-0.78,-0.31,-1.87,-3.89,-3.12,-1.71,-0.16,1.25,1.87,2.49,2.18,3.12,3.12,6.07,5.92,4.83,4.83,-0.78,0.62,0.47,-1.25,0.31,0.31,-0.93,0.78,-0.62,-3.43,-4.05,-2.34,-4.05,-6.23,-9.66,-14.33,-14.17,-13.86,-10.28,-16.51,-14.64,-12.15,-13.71,-13.71,-16.67,-16.2,-20.56,-26.01,-25.55,-26.64,-31.62,-36.29,-40.65,-36.6,-32.24,-32.24,-32.71,-36.6,-32.24,-29.13,-30.22,-30.69,-28.97,-30.37,-30.69,-32.87,-34.11,-36.14,-37.07,-32.71,-30.53,-31.78,-35.83,-34.89,-35.51,-34.58,-36.92,-41.28,-40.19,-36.14,-33.64,-33.96,-33.02,-29.75,-29.6,-33.02
93,STG,Công nghiệp - Hàng không,3139.19,0.0,0.0,-1.13,-1.45,-5.33,-5.98,-3.07,-2.91,3.88,3.88,0.16,1.94,-2.1,-5.65,0.16,-1.62,-3.39,0.32,-3.07,-4.85,-7.59,-6.3,-4.04,-6.3,-6.3,-6.3,-6.3,-6.3,-4.68,-5.01,-5.33,-6.46,-7.27,-7.27,-7.27,-6.3,-6.62,-5.33,-0.48,-2.42,-0.32,-4.36,-4.36,-4.68,-6.3,-6.3,-6.3,-6.3,-6.3,-6.3,-6.3,-3.07,-0.32,0.16,2.75,5.01,3.23,2.75,3.07,3.39,7.43,0.48,-4.52,2.1,7.27,6.62,6.62,7.27,6.95,5.01,0.16,5.98,5.01,4.68,-0.48,-0.48,-0.48,0.16,2.58,3.39,2.26,-3.72,-0.16,1.78,2.75,2.42,-0.32,-0.16,1.45,0.65,0.48,0.16,-0.48,-2.75,-1.78,-1.94,-2.26,-2.26,-2.42,-3.07,-4.52,-4.68,-5.33,-5.33,-3.39,-3.72,-4.36,-4.68,-5.33,-5.33,-6.3,-7.11,-3.39,-9.85,-4.68,-8.56,-3.07,-7.59,-1.94,-1.94
94,STK,Hàng tiêu dùng,3443.36,0.0,2.3,1.24,1.06,-5.67,-0.71,-4.61,-6.03,-5.67,-5.67,-5.14,-4.43,-4.26,-4.79,-8.51,-9.04,-9.57,-11.7,-5.67,-5.14,-6.74,-7.98,-8.51,-8.51,-5.14,-6.03,-6.03,-6.03,-3.19,0.71,-1.06,-1.06,-3.9,-3.72,-1.6,-1.06,-2.66,-0.89,4.61,2.48,-4.26,1.77,-0.71,-1.42,-2.48,-1.06,-2.48,-2.66,-4.26,-5.67,-5.85,-4.96,-5.32,-0.35,3.55,5.32,4.61,4.61,5.32,5.67,5.14,6.03,5.67,2.13,4.26,5.32,7.8,15.25,20.57,17.91,10.64,11.7,7.09,-0.35,0.18,3.9,3.72,3.9,3.9,2.3,4.61,-2.66,-1.24,-1.6,-8.33,-14.72,-13.3,-7.27,-4.43,-4.43,-3.9,-3.37,-1.42,-0.89,-1.24,-1.24,-4.26,-5.14,-5.14,-0.18,-3.55,-2.48,-0.71,-2.3,-1.6,-3.72,-7.8,-7.98,-6.21,-9.22,-9.22,-12.77,-9.57,-9.57,-8.87,-11.35,-9.57,-9.04,-9.04,-9.22
95,SVC,Dịch vụ,3387.76,0.0,0.0,-7.0,-7.0,-13.46,-7.44,-2.57,-9.03,-11.43,-11.43,-11.43,-11.43,-5.23,-3.45,3.01,3.01,9.65,9.65,9.65,9.65,9.65,2.04,2.04,2.04,2.04,2.04,2.04,2.04,2.57,4.52,4.52,4.52,1.86,1.86,-0.8,-2.57,-4.34,-6.11,-7.88,-1.51,-1.51,-1.42,-1.42,-1.42,-1.42,-1.42,-1.42,-1.42,-1.51,-1.51,-1.51,-1.51,-1.51,-8.24,-8.24,-8.15,-8.15,-8.15,-8.15,-8.15,-8.15,-8.15,-14.08,-14.08,-8.33,-11.43,-11.43,-11.43,-5.4,-11.87,-11.87,-11.87,-11.87,-9.12,-9.12,-9.12,-9.12,-9.12,-9.03,-9.03,-9.03,-9.03,-9.03,-9.03,-9.03,-9.03,-9.03,-9.03,-9.03,-9.03,-9.03,-9.03,-9.03,-9.03,-9.03,-9.03,-9.03,-9.03,-9.03,-9.03,-9.03,-9.03,-9.03,-9.03,-9.03,-9.03,-9.03,-9.03,-9.03,-9.03,-9.03,-9.03,-9.03,-9.03,-9.03,-9.03,-9.03,-9.03,-9.03,-9.03
96,TCB,Tài chính,128912.93,0.0,-0.79,-1.96,-2.85,-4.42,-4.81,-0.98,-0.79,-2.26,-4.52,-4.22,-4.13,-3.83,-2.16,-1.18,1.96,2.95,1.96,3.73,3.73,5.7,5.3,5.3,5.5,1.18,1.77,1.38,2.55,1.38,1.18,0.98,1.57,-0.79,-0.39,-0.98,-1.18,-3.34,-2.46,-1.87,-3.24,-3.73,-3.54,-3.24,-3.93,-4.72,-4.52,-3.63,-3.73,-3.34,-2.85,-1.96,-2.55,-3.14,-3.24,-4.13,-3.93,-3.44,-2.65,-1.18,-2.46,-3.63,-1.96,-3.14,-4.03,-5.7,-5.7,-7.07,-10.41,-11.89,-14.15,-15.42,-14.34,-13.36,-19.35,-18.47,-18.27,-16.9,-13.56,-17.49,-16.31,-18.47,-24.17,-23.97,-23.38,-28.68,-33.6,-35.95,-31.53,-29.17,-29.67,-29.86,-31.53,-30.75,-28.29,-27.9,-26.42,-25.83,-27.01,-27.6,-28.49,-28.39,-29.17,-28.88,-26.82,-26.52,-25.44,-29.27,-29.76,-29.86,-29.17,-32.22,-35.17,-35.17,-31.63,-29.37,-30.26,-30.16,-27.9,-27.8,-30.16
97,TCM,Hàng tiêu dùng,3810.52,0.0,-0.15,-0.76,-1.52,-1.52,-1.52,-2.27,-3.03,-3.18,-4.7,-4.55,-3.94,-4.55,-4.55,-5.3,-7.12,-4.55,-6.21,0.0,2.73,3.03,2.88,4.55,5.0,4.85,4.55,2.42,1.97,2.58,2.88,1.52,1.82,1.52,1.52,2.58,6.67,8.03,10.61,10.61,10.61,8.18,4.55,6.82,11.82,9.09,8.18,9.09,8.94,7.58,6.67,7.88,7.88,8.64,12.73,13.94,16.67,15.91,14.39,15.45,15.15,15.15,15.15,14.09,10.15,9.09,13.64,13.64,18.18,19.39,19.7,13.64,12.12,9.09,1.52,6.06,6.06,5.61,7.58,7.42,6.06,3.03,-4.09,-0.91,-0.61,-7.42,-13.79,-13.64,-7.88,-10.61,-10.61,-10.61,-10.76,-10.61,-9.09,-8.03,-8.03,-9.09,-8.79,-9.39,-6.06,-7.12,-10.61,-17.42,-17.12,-17.88,-19.85,-21.97,-23.48,-23.48,-23.79,-24.24,-26.06,-31.21,-35.98,-31.52,-29.55,-28.79,-28.03,-28.94,-29.55
98,TDM,Dịch vụ,3894.99,0.0,-1.43,-3.0,-2.29,-2.43,-2.57,-1.71,-3.29,-3.29,-3.29,-4.14,-3.29,-3.86,-4.57,-5.71,-5.29,-5.86,-6.57,-5.43,-5.14,-4.43,0.0,-0.29,0.0,1.14,1.29,0.57,1.0,1.86,5.57,6.71,6.29,5.71,6.29,6.0,6.29,3.43,4.57,5.71,8.57,8.57,6.57,6.71,5.14,4.29,5.14,5.14,5.29,5.86,6.43,6.14,5.29,4.86,10.86,12.86,13.43,12.0,14.0,14.0,15.43,16.14,14.86,14.43,12.0,9.86,13.29,18.0,17.14,20.57,20.86,17.14,16.57,14.29,7.43,14.29,13.71,13.86,13.14,13.43,13.43,12.29,4.43,6.57,8.0,0.57,-6.29,0.0,4.29,4.14,1.14,2.29,1.14,2.0,4.29,2.29,2.29,6.0,6.29,8.29,11.14,11.43,12.29,14.57,14.86,13.71,10.0,11.43,13.43,14.14,15.14,15.71,11.43,8.57,7.57,10.86,11.43,13.71,13.71,14.0,17.14
99,TDP,Vật liệu,1565.48,0.0,-3.18,-4.67,-7.48,-12.52,-14.02,-15.7,-19.44,-14.77,-10.84,-8.79,-10.28,-4.86,0.93,-0.93,0.93,1.31,1.31,1.31,-0.19,-2.43,0.93,0.93,0.56,-0.93,-0.93,-7.29,-1.68,-1.68,-5.79,-3.93,-4.49,-5.79,-8.41,-8.41,-3.18,-3.55,-2.8,-2.8,-2.8,-2.8,-3.93,-4.11,-4.3,-4.67,-4.67,-5.05,-5.79,-4.86,-2.06,0.75,-4.3,0.56,4.49,4.49,4.11,3.36,3.36,2.06,3.18,3.18,3.18,-0.19,2.06,0.0,2.43,2.99,2.8,3.18,0.93,2.06,0.93,0.93,-0.56,-0.75,0.93,0.93,0.93,-1.31,-5.79,-0.93,-2.24,-3.18,-2.99,-2.8,-3.36,-4.67,-5.05,-5.05,-5.05,-4.49,-2.8,-2.8,-5.79,-5.98,-5.05,-3.55,-3.55,-8.41,-3.55,-3.55,-3.93,-5.23,-4.3,-4.67,-5.05,-5.23,-5.61,-5.05,-6.17,-5.05,-5.05,-2.8,-1.31,-1.31,-6.54,-0.93,-0.93,-2.8,-2.8
100,THD,Bất động sản - Xây dựng,19845.0,0.0,0.57,0.76,0.87,-0.87,-1.18,-1.98,-4.52,-4.07,-11.89,-20.67,-28.57,-35.71,-35.22,-36.47,-35.68,-34.65,-34.54,-34.35,-34.08,-33.97,-33.32,-33.09,-33.09,-34.35,-34.04,-33.93,-33.13,-32.94,-32.83,-33.66,-33.28,-34.19,-33.81,-34.23,-33.93,-34.57,-33.81,-33.62,-34.08,-34.95,-34.84,-34.61,-34.99,-35.9,-35.45,-35.14,-34.95,-36.17,-35.49,-35.14,-35.07,-35.18,-35.03,-35.87,-35.49,-36.09,-35.98,0.0,-35.22,-35.03,-36.06,-37.8,-39.17,-39.93,-39.48,-39.4,0.0,-42.14,-43.2,-47.38,-51.75,-55.17,-59.38,-58.28,-56.76,-56.31,-55.24,-56.5,-55.93,-58.43,-62.58,-61.44,-60.64,-64.48,-67.9,-69.22,-72.19,-74.81,-77.13,-78.72,-78.61,-78.46,-78.15,-78.15,-79.86,-81.53,-83.09,-84.42,-84.35,-84.35,-84.73,-85.33,-85.07,-85.18,-85.14,-85.41,-84.08,-82.52,-80.78,-79.48,-79.48,-79.18,-79.03,-78.5,-78.34,-78.31,-78.19,-78.34,-78.46
101,THI,Công nghệ,1171.2,0.0,-0.49,-1.63,3.91,4.23,4.07,3.26,0.98,-2.28,-8.14,-4.89,-3.09,-3.26,-4.72,-4.72,-6.03,-8.79,-8.79,-10.1,-8.79,-8.47,-5.7,-5.7,-5.86,-7.0,-7.0,-5.05,-6.51,-8.79,-7.33,-8.79,-8.79,-8.96,-8.79,-8.79,-7.17,-7.17,-7.17,-7.49,-8.79,-8.47,-8.79,-8.14,-8.14,-8.79,-8.79,-7.82,-8.79,-8.79,-7.17,-7.17,-9.12,-7.65,-7.82,-4.56,-3.91,-3.91,-3.91,-2.28,-2.61,-2.93,-3.26,-5.54,-5.54,-5.54,-5.7,-6.19,-6.19,-8.79,-5.54,-7.82,-2.61,-7.17,-2.77,-5.54,-5.54,-11.56,-8.79,-8.79,-11.07,-11.07,-15.31,-15.31,-15.31,-17.26,-17.26,-15.96,-14.33,-12.21,-9.45,-9.45,-14.98,-14.98,-14.98,-12.21,-14.5,-10.91,-12.05,-10.91,-12.05,-12.05,-8.79,-12.05,-8.79,-8.79,-8.79,-12.7,-12.7,-12.7,-12.7,-16.12,-16.94,-18.57,-14.01,-14.17,-19.38,-17.92,-22.64,-22.15,-18.57
102,TLG,Hàng tiêu dùng,3850.83,0.0,-2.45,-3.34,-6.57,-10.47,-8.46,-7.24,-6.9,-7.02,-9.58,-9.8,-8.8,-8.24,-9.58,-9.58,-9.8,-9.47,-9.58,-7.24,-5.12,-5.12,-4.23,-0.67,-3.12,-2.56,-1.78,-3.45,-2.0,-2.45,-3.23,-4.12,-4.01,-3.9,-3.12,-2.45,-0.89,-0.89,-1.56,-1.22,-1.22,2.23,0.45,3.34,5.12,3.12,2.0,4.45,4.68,4.12,4.12,1.78,1.89,2.12,0.22,1.89,2.0,2.0,4.23,3.01,2.45,2.34,3.79,4.34,4.23,2.34,4.34,2.45,4.12,7.24,7.24,3.79,2.45,0.22,-4.34,1.89,4.23,2.45,2.45,6.01,4.68,2.45,-1.56,-0.22,0.22,-4.23,-10.69,-6.68,-1.56,-2.45,-3.23,-5.57,-5.35,-5.79,-5.23,-5.57,-4.45,-5.35,-4.57,-0.45,-2.0,-0.67,2.23,2.23,5.12,6.9,6.24,2.23,1.34,0.45,2.23,0.22,-3.79,-2.67,-2.12,-0.45,-0.33,6.57,10.02,10.02,10.47
103,TMP,Năng lượng,3745.0,0.0,0.0,-0.38,-0.38,-3.62,-4.38,-0.95,-0.95,1.52,1.71,1.71,2.86,2.86,3.62,4.76,6.67,8.19,8.38,8.95,8.57,9.33,9.52,8.95,9.33,9.33,16.19,15.81,16.57,16.57,15.24,15.24,13.9,8.95,14.1,12.95,11.81,8.57,11.24,12.0,12.38,12.95,13.9,14.29,14.29,15.81,9.14,12.76,14.1,12.38,12.38,12.38,12.19,11.43,10.48,11.62,14.29,14.29,14.29,14.29,14.86,15.24,16.19,14.29,14.29,14.29,16.19,16.19,17.14,17.14,18.1,17.14,18.1,18.67,15.62,16.19,20.0,18.1,18.1,15.24,14.29,14.86,15.62,23.62,26.48,27.62,19.81,24.19,27.43,27.43,25.52,17.33,16.57,18.1,16.95,14.29,17.52,17.71,17.71,16.19,16.19,12.57,16.76,17.52,18.48,18.67,18.29,15.05,15.62,7.62,13.71,14.29,10.48,5.9,3.05,0.57,6.1,5.9,5.9,3.81,3.81
104,TMS,Công nghiệp - Hàng không,8680.51,0.0,-0.65,0.65,-0.92,-3.92,-4.18,-6.01,-4.58,-5.36,-6.14,-8.5,-8.63,-8.76,-8.37,-8.5,-8.89,-9.02,-8.89,-3.4,-0.52,-0.52,0.39,0.65,0.65,-1.96,0.0,0.0,-1.05,5.75,13.07,20.26,22.61,20.26,23.53,22.88,21.18,18.3,20.65,20.26,21.31,17.65,20.78,18.95,18.95,18.3,17.65,16.34,17.25,17.52,19.35,27.58,36.47,46.01,45.1,47.06,57.25,60.13,58.04,51.63,42.48,43.79,44.84,44.97,41.18,38.56,39.61,41.18,50.98,52.16,52.68,43.92,41.18,41.18,31.37,37.91,37.25,38.04,43.79,48.37,49.93,48.37,38.04,38.04,37.78,29.02,24.18,20.13,21.83,20.26,20.26,17.52,10.07,13.59,20.92,21.57,21.57,18.56,17.65,18.95,18.95,15.16,17.65,16.99,19.48,23.53,22.22,13.73,9.8,6.67,12.42,8.24,4.71,1.44,4.44,9.41,9.15,9.8,8.89,8.37,5.62
105,TNG,Hàng tiêu dùng,3083.45,0.0,3.01,3.01,8.73,2.41,0.3,-3.31,-3.61,-2.11,-11.14,-11.14,-9.64,-7.23,-7.53,-16.27,-14.76,-15.66,-18.07,-15.66,-11.14,-7.23,-7.83,-6.02,-6.93,-7.23,-6.63,-4.52,-4.22,-0.6,-0.6,-3.01,0.0,2.41,3.61,5.42,2.71,2.71,10.54,7.53,8.43,1.81,-0.6,0.3,1.81,-0.6,-0.6,2.41,2.41,1.2,1.51,1.51,1.2,2.71,8.13,15.06,13.86,20.48,16.57,0.0,14.46,15.36,18.98,17.47,11.14,11.75,17.17,18.98,0.0,26.51,18.37,14.46,16.27,4.82,-5.42,-3.01,-0.6,-2.11,3.61,3.61,3.92,-2.71,-12.35,-7.23,-6.33,-15.66,-24.1,-25.6,-18.37,-17.17,-18.67,-17.77,-16.87,-14.16,-6.93,-6.93,-8.73,-9.34,-9.34,-5.12,-11.14,-12.65,-12.05,-3.31,-2.11,-0.6,-7.83,-16.57,-12.05,-12.05,-9.34,-3.31,-3.61,-9.64,-16.27,-9.04,-10.24,-7.83,-5.12,-6.63,-7.23
106,TPB,Tài chính,43181.93,0.0,-1.75,-1.75,-4.09,-5.38,-5.96,0.58,-1.4,-1.99,-5.96,-9.01,-7.95,-7.49,-6.43,-11.7,-7.02,-8.3,-5.96,-1.87,-2.46,-1.75,-2.92,-3.63,0.23,-6.43,-4.68,-5.5,-3.74,-4.56,-4.33,-2.92,-0.35,-3.51,-1.87,-1.17,0.12,-3.04,-2.92,-4.68,-8.77,-9.24,-9.24,-8.77,-9.59,-8.3,-6.67,-7.02,-7.37,-7.6,-6.67,-5.26,-6.32,-6.2,-6.67,-7.72,-5.73,-6.43,-6.08,-3.51,-3.51,-4.56,-3.74,-4.09,-5.96,-10.99,-6.43,-8.65,-12.63,-11.35,-15.32,-16.96,-18.6,-17.66,-19.3,-18.25,-18.6,-21.4,-21.4,-25.15,-20.0,-21.4,-26.08,-22.11,-21.75,-26.08,-29.82,-27.49,-22.81,-24.68,-27.13,-26.55,-29.82,-27.72,-25.38,-26.08,-24.44,-22.81,-24.33,-25.15,-25.15,-25.5,-28.19,-30.76,-29.24,-29.71,-30.53,-35.32,-38.01,-37.89,-37.31,-40.35,-41.4,-40.0,-38.71,-38.01,-39.18,-37.54,-35.44,-35.91,-36.49
107,TTF,Hàng tiêu dùng,2865.03,0.0,6.79,10.36,12.14,12.14,10.71,7.14,-0.36,0.71,-5.71,-2.86,-1.43,1.43,-0.71,-7.5,-8.21,-12.86,-17.86,-14.29,-8.57,-7.5,-6.79,-7.86,-6.07,-8.93,-8.21,-2.86,-0.71,-1.43,0.71,-2.14,0.36,7.14,7.14,8.21,6.79,12.5,12.14,12.14,11.79,8.57,8.93,11.07,18.57,20.36,20.0,21.43,20.36,21.43,22.86,21.07,19.29,20.36,21.43,15.0,22.86,21.79,19.29,20.36,16.43,15.0,7.14,6.07,5.36,0.0,6.07,2.14,2.86,-4.29,-10.71,-15.71,-10.0,-11.79,-15.71,-11.07,-9.64,-11.07,-9.64,-10.71,-14.29,-18.57,-23.93,-29.21,-28.57,-32.86,-37.5,-37.43,-33.14,-33.36,-34.79,-34.43,-35.71,-34.29,-31.64,-30.64,-31.86,-30.93,-30.57,-32.86,-33.57,-35.0,-36.14,-37.14,-33.93,-34.64,-34.64,-39.21,-41.36,-45.43,-45.71,-49.5,-53.0,-52.29,-50.29,-48.64,-48.07,-47.64,-45.36,-46.79,-49.07
108,VCB,Tài chính,350206.23,0.0,-1.27,0.13,1.01,0.63,0.51,1.27,3.67,5.57,9.11,10.89,8.1,6.84,12.91,17.72,21.27,19.62,15.19,12.66,16.96,16.46,14.94,15.57,13.92,8.86,10.13,10.13,10.76,10.38,10.63,9.87,10.0,7.97,7.72,6.96,7.59,7.59,8.23,7.47,7.47,3.16,5.06,5.7,6.08,6.58,2.66,4.43,5.06,6.58,7.47,7.47,7.47,5.7,4.43,4.3,3.67,3.8,3.92,4.81,4.56,5.06,7.09,5.06,5.06,4.3,4.3,2.53,1.52,-1.65,-1.65,-0.76,-0.76,4.05,3.54,1.9,3.16,3.16,2.41,1.14,2.53,0.51,-1.39,1.27,1.27,-2.53,-7.59,-6.08,-3.8,-4.56,-3.8,-4.68,-5.82,-4.3,-2.53,-2.91,-2.03,-1.27,-0.13,1.9,0.0,-1.9,0.89,2.53,0.25,-1.52,-1.65,-3.29,-2.53,-3.16,0.13,-3.67,-3.8,-1.65,-3.8,-3.92,-5.06,-5.19,-3.42,-4.43,-5.32
109,VCF,Hàng tiêu dùng,6312.54,0.0,3.03,3.03,3.03,3.03,3.03,6.1,6.1,6.1,6.66,6.66,6.66,5.89,4.52,4.52,4.52,4.52,4.52,4.52,4.52,4.52,4.52,-2.69,-2.69,-2.69,1.54,1.54,2.39,2.39,2.39,2.39,2.39,2.39,2.39,2.39,1.54,1.54,1.54,1.54,1.54,6.66,-0.73,-0.73,-0.73,-0.73,-0.73,1.96,1.96,1.96,5.8,13.05,19.45,19.45,11.35,11.35,3.71,3.71,-1.19,-1.19,4.74,-0.6,2.82,-1.19,4.52,2.43,4.52,2.39,2.39,2.39,8.79,8.79,8.79,8.79,8.79,15.19,15.19,15.19,15.19,13.05,8.79,8.79,8.79,8.79,8.79,8.79,7.51,7.51,7.51,8.79,8.79,8.79,8.79,1.58,6.66,0.73,0.73,0.73,0.73,1.75,1.45,1.45,2.39,2.39,2.39,2.39,2.39,-4.61,2.05,2.05,1.41,1.45,1.45,1.75,1.32,1.32,1.32,1.32,1.32,1.32,1.32
110,VGC,Bất động sản - Xây dựng,23717.72,0.0,-1.58,-0.18,3.69,-1.93,-3.34,-5.1,-9.49,-7.73,-14.15,-16.52,-16.17,-11.6,-12.48,-18.28,-13.01,-12.65,-15.99,-14.94,-12.3,-8.96,-6.85,-3.69,-4.22,-5.62,-5.8,-4.04,-4.22,-0.7,-1.23,-3.34,-3.34,-6.85,-5.8,-7.73,-5.27,-8.26,-6.33,-5.98,-3.87,-5.45,-7.03,-6.33,-10.37,-13.09,-11.07,-12.92,-11.07,-10.54,-9.84,-8.61,-4.75,1.76,3.69,6.85,5.45,6.5,13.88,12.3,16.7,14.06,6.15,1.76,-5.27,-8.44,-2.11,-3.69,-10.02,-9.31,-15.64,-20.91,-18.45,-16.7,-22.5,-22.5,-19.86,-18.98,-17.05,-17.93,-14.67,-20.56,-26.1,-27.42,-29.7,-34.62,-39.19,-43.41,-42.36,-38.4,-34.09,-31.28,-35.33,-33.22,-29.53,-29.35,-29.17,-27.94,-29.53,-28.12,-25.83,-27.15,-27.15,-26.89,-21.79,-16.34,-17.31,-17.93,-12.21,-7.38,-9.31,-9.31,-12.83,-13.53,-13.53,-7.56,-6.85,-5.98,-5.98,-6.68,-7.56
111,VHC,Nông nghiệp,16503.93,0.0,7.0,6.52,6.68,0.95,-1.43,1.59,-3.18,0.0,-5.09,-3.66,-1.43,1.59,0.48,-4.45,0.64,2.38,-1.43,-3.02,0.48,7.47,9.22,10.17,8.74,16.22,16.06,16.69,19.24,20.83,20.83,19.24,25.6,22.73,22.42,21.62,24.01,28.78,28.62,27.5,25.28,17.65,18.28,26.55,26.87,28.14,35.14,36.09,34.82,32.27,34.5,35.77,38.79,45.31,49.44,53.42,47.54,47.85,50.72,54.69,50.24,52.78,52.62,42.77,45.47,55.48,55.64,63.12,66.3,67.73,62.16,69.16,63.75,52.31,41.65,41.81,51.67,55.01,65.34,65.34,63.75,67.89,56.28,62.16,60.57,49.44,39.11,29.41,38.31,44.67,44.67,41.65,43.88,49.44,59.78,62.16,62.96,63.75,63.43,74.72,75.68,82.03,73.29,81.24,71.7,74.88,62.64,51.35,55.8,58.98,62.16,59.46,60.57,49.44,39.11,48.81,43.08,47.38,46.26,49.6,48.65
112,VHM,Bất động sản - Xây dựng,267358.16,0.0,-1.29,0.24,0.35,0.35,-1.76,-1.76,-3.41,-3.41,-7.05,-9.52,-9.05,-7.64,-6.7,-10.46,-4.82,-4.58,-4.82,-5.64,-3.41,-4.58,-4.23,-5.88,-6.35,-8.23,-5.99,-5.99,-5.05,-6.35,-5.99,-6.82,-6.7,-7.64,-7.99,-8.93,-8.34,-8.93,-8.34,-8.46,-10.46,-12.34,-13.04,-11.63,-11.87,-12.46,-12.46,-12.81,-13.04,-12.34,-8.93,-8.34,-9.28,-11.05,-10.81,-11.99,-10.11,-10.93,-10.93,-10.46,-10.34,-10.22,-10.34,-11.87,-11.75,-14.22,-14.1,-15.04,-16.45,-17.98,-19.04,-21.5,-24.79,-23.97,-25.97,-23.62,-23.62,-24.21,-23.62,-24.21,-19.15,-19.27,-20.09,-17.86,-17.16,-19.04,-20.09,-22.68,-21.39,-21.39,-21.27,-21.5,-21.62,-21.39,-20.21,-19.27,-18.1,-17.16,-18.21,-17.39,-18.33,-18.45,-18.57,-19.51,-19.51,-19.74,-19.74,-22.44,-22.44,-22.56,-22.44,-22.44,-23.62,-23.62,-23.85,-25.73,-25.73,-25.38,-25.03,-25.62,-27.03
113,VIB,Tài chính,47949.56,0.0,-0.42,-1.99,-3.04,-4.51,-6.19,-1.47,-2.2,-3.67,-7.66,-8.92,-8.92,-9.76,-5.35,-7.45,-3.88,-1.15,-1.78,-0.21,-0.63,0.73,0.52,-0.1,0.1,-3.67,-3.04,-4.3,-1.78,-1.68,-2.2,-2.41,-1.57,-1.68,-0.52,-1.57,-1.36,-3.88,-3.46,-3.88,-5.77,-6.4,-6.61,-6.82,-8.29,-9.76,-9.23,-7.56,-7.24,-7.03,-5.98,-5.35,-5.56,-6.19,-6.61,-7.76,-5.77,-1.36,-1.26,0.52,0.31,-1.68,-0.52,-1.99,-5.56,-7.24,-5.56,-6.09,-8.08,-9.34,-10.81,-13.22,-11.86,-10.81,-16.16,-13.75,-12.28,-13.12,-9.76,-15.22,-12.28,-14.8,-18.15,-19.41,-17.21,-22.98,-46.9,-46.38,-44.18,-44.18,-45.86,-45.75,-47.95,-46.48,-44.7,-45.02,-43.65,-42.92,-43.76,-44.39,-44.81,-45.23,-45.12,-45.44,-44.07,-44.39,-45.33,-49.11,-52.57,-53.83,-53.41,-56.66,-59.5,-62.22,-59.6,-57.29,-56.77,-56.56,-53.62,-52.99,-54.88
114,VIC,Bất động sản - Xây dựng,277524.85,0.0,-0.99,3.47,1.19,1.29,0.0,-0.2,-2.18,-2.08,-3.96,-5.05,-7.13,-5.54,-5.45,-5.94,-4.95,-4.55,-4.46,-3.96,-9.7,-13.56,-15.15,-16.83,-19.11,-19.01,-17.13,-17.92,-17.72,-18.61,-17.23,-18.81,-18.32,-20.69,-21.68,-23.76,-21.58,-21.88,-21.78,-21.78,-22.28,-22.87,-22.77,-21.68,-21.78,-22.48,-22.48,-22.67,-22.38,-21.98,-19.8,-18.61,-19.41,-19.8,-19.8,-20.3,-20.0,-19.7,-19.6,-18.71,-18.12,-18.51,-20.3,-21.29,-19.11,-19.5,-18.61,-19.11,-20.1,-21.29,-21.98,-21.49,-23.27,-23.07,-24.55,-22.77,-22.77,-22.87,-20.79,-21.09,-20.79,-20.99,-21.68,-20.4,-20.3,-21.78,-22.77,-23.76,-22.77,-22.77,-22.87,-22.97,-23.37,-23.17,-23.07,-23.07,-22.77,-22.28,-21.98,-21.49,-21.88,-21.98,-22.28,-22.77,-22.67,-22.67,-22.77,-24.36,-24.16,-24.06,-24.16,-24.16,-25.15,-25.74,-25.74,-26.53,-26.14,-26.93,-27.13,-27.33,-27.23
115,VIF,Vật liệu,6090.0,0.0,5.42,1.48,1.48,0.99,2.46,2.46,-0.49,0.99,0.99,-3.94,-3.94,-5.42,-4.43,-4.43,-4.43,-4.43,-4.43,-4.43,-4.43,-1.97,-5.42,-5.42,0.0,-1.48,-1.48,-0.49,0.49,0.0,-3.94,-3.94,-3.94,-2.46,-3.45,-6.4,-3.94,-6.4,-6.4,-6.4,-4.93,-4.43,-2.96,-2.46,4.43,8.37,8.37,0.0,0.0,1.97,-3.45,1.48,2.96,3.45,2.96,-2.46,1.97,1.97,1.97,0.0,2.46,4.93,3.94,2.96,1.97,1.97,2.46,1.97,0.0,0.49,0.0,-5.91,-9.85,-3.45,-3.94,-11.33,-11.33,-4.93,-4.93,-4.93,-9.36,-11.33,-3.45,-3.45,-3.45,-7.39,-16.26,-21.67,-14.29,-17.24,-15.76,-15.76,-12.32,-12.32,-12.32,-12.32,-12.32,-11.82,-11.82,-13.79,-13.3,-13.79,-19.21,-18.23,-17.73,-18.23,-19.21,-16.26,-15.76,-19.21,-12.81,-4.43,-1.48,-6.4,-15.76,-13.3,-9.36,-14.78,-14.29,-14.29,-14.29
116,VJC,Công nghiệp - Hàng không,68151.4,0.0,-2.38,-1.75,-1.75,-1.75,-1.75,-2.22,-3.17,-3.17,-4.37,-1.19,-3.17,-0.56,-3.17,-4.37,-3.73,-3.89,-3.89,-3.25,3.49,4.37,7.14,5.56,5.4,11.11,10.48,10.48,12.38,18.25,15.87,13.33,17.62,17.46,15.16,11.19,11.83,15.08,13.81,10.63,6.51,8.73,11.11,10.32,9.92,15.08,17.46,16.67,15.08,17.62,13.73,11.75,11.9,14.29,13.49,11.75,13.41,11.51,11.51,11.83,13.41,12.3,11.9,8.73,9.84,9.52,9.6,8.65,7.86,9.76,13.57,12.7,8.33,9.68,3.97,2.38,2.38,2.38,3.1,3.41,3.81,1.59,-1.59,2.46,0.4,-0.95,-0.08,0.0,1.59,-0.24,-0.56,-0.56,-0.79,-0.56,-0.24,-0.79,0.79,5.16,3.89,4.21,2.14,0.79,1.27,0.63,0.79,1.43,1.35,-0.87,-0.95,-1.19,-0.48,-0.87,0.79,1.43,2.62,1.75,1.83,5.56,5.56,5.0,3.17
117,VNM,Hàng tiêu dùng,154029.78,0.0,-0.58,-1.5,-1.73,-3.46,-3.46,-4.15,-4.15,-2.31,-4.38,-3.81,-4.5,-4.15,-4.73,-6.57,-8.65,-8.07,-4.15,-4.15,-3.69,-5.42,-4.5,-4.61,-5.42,-6.46,-6.34,-7.27,-6.81,-7.04,-6.57,-7.73,-7.73,-9.34,-9.0,-9.57,-8.65,-9.46,-9.57,-10.15,-11.42,-12.23,-13.38,-11.07,-10.03,-10.96,-10.96,-10.84,-11.88,-12.34,-10.5,-11.3,-12.23,-12.8,-13.26,-15.34,-12.92,-12.11,-6.69,-5.77,-5.19,-7.27,-8.54,-9.46,-10.84,-11.42,-10.96,-12.0,-11.76,-11.19,-12.34,-12.8,-13.49,-12.46,-15.22,-12.46,-13.49,-14.3,-14.42,-16.38,-16.84,-19.03,-19.26,-18.57,-19.84,-23.3,-23.76,-24.11,-19.26,-18.92,-20.42,-21.45,-23.53,-20.53,-17.07,-17.76,-15.8,-16.38,-17.3,-17.07,-17.99,-18.92,-18.34,-18.57,-18.11,-19.03,-19.84,-23.41,-23.76,-25.61,-21.57,-23.07,-20.42,-14.99,-18.57,-18.45,-17.53,-17.99,-18.34,-16.61,-16.72
118,VPB,Tài chính,128461.18,0.0,-1.53,-2.5,-4.02,-4.58,-4.85,-1.8,-2.22,-3.33,-8.32,-7.77,-7.07,-6.24,-4.85,-7.21,-3.19,-0.42,-1.66,1.66,0.69,3.47,2.91,1.8,1.53,-2.91,-0.28,-1.11,0.69,-0.42,-0.42,-1.39,-0.42,2.36,5.96,5.41,4.72,1.25,3.88,5.69,4.58,2.64,2.22,1.94,0.97,-0.14,2.36,2.08,1.11,0.55,2.08,2.22,1.66,0.83,1.94,0.55,0.97,2.08,3.19,7.07,8.18,6.24,10.82,10.4,7.63,8.18,8.18,9.57,6.8,1.66,-0.69,-2.36,-1.53,2.08,-4.99,0.97,-0.28,1.25,1.8,-0.69,-1.39,-5.27,-11.79,-7.63,-7.35,-13.73,-19.56,-19.56,-14.01,-14.15,-15.53,-15.12,-18.72,-16.78,-12.62,-13.87,-13.73,-12.34,-14.01,-14.42,-16.09,-14.7,-15.12,-15.53,-11.79,-12.62,-14.29,-20.25,-19.97,-19.97,-19.56,-22.61,-24.83,-24.55,-21.22,-21.08,-21.91,-19.83,-16.78,-16.78,-19.56
119,VPG,Vật liệu,2341.79,0.0,-1.75,-2.8,-3.68,-7.18,-6.83,-7.18,-8.93,-9.63,-8.93,-9.46,-10.16,-11.21,-5.08,-2.1,-2.63,-1.75,-2.1,1.4,1.4,0.0,-1.05,-1.93,-1.58,-2.1,2.63,3.15,2.45,4.03,2.63,1.58,1.75,2.98,5.43,5.08,5.78,5.25,9.98,9.98,9.46,7.18,7.71,7.53,7.18,7.88,7.18,7.36,7.18,7.36,8.76,7.88,9.46,10.68,11.73,11.21,11.21,10.51,10.86,12.96,12.43,12.08,12.26,11.73,10.68,8.93,9.63,9.46,12.43,12.26,11.91,10.86,9.81,9.98,8.23,8.23,7.88,7.18,8.58,6.83,6.48,5.25,-2.1,-2.1,-3.85,-10.33,-14.89,-15.94,-19.26,-18.21,-18.04,-18.56,-19.09,-18.39,-19.09,-18.91,-16.11,-16.29,-17.34,-16.2,-16.64,-17.08,-17.08,-23.29,-24.34,-24.87,-28.2,-33.19,-37.83,-38.35,-40.28,-44.4,-48.25,-51.84,-49.56,-47.9,-47.2,-46.85,-47.02,-47.99,-49.21
120,VRE,Bất động sản - Xây dựng,65101.92,0.0,6.9,14.29,11.56,12.36,9.79,15.57,8.51,10.43,2.73,4.01,5.46,8.67,6.26,-0.48,6.42,8.83,9.79,12.2,13.96,13.96,15.25,15.57,11.08,5.94,9.15,10.11,10.59,7.87,9.47,10.75,12.04,9.15,9.15,7.54,7.54,5.3,4.98,8.35,5.62,4.33,1.44,2.73,2.25,2.73,1.93,1.93,3.53,5.94,6.58,6.58,5.46,5.3,4.98,2.73,4.49,4.33,7.38,9.31,9.31,8.03,7.87,4.82,3.37,-0.16,2.25,2.25,1.12,0.64,-0.96,-1.61,-2.09,-0.8,-6.74,-0.32,-2.09,-4.17,-0.8,-3.85,-2.73,-4.98,-9.47,-9.79,-7.22,-13.64,-18.78,-15.73,-12.04,-12.04,-12.04,-12.2,-12.2,-9.79,-5.46,-4.98,-4.33,-3.85,-3.21,-3.53,-3.85,-3.85,-3.85,-4.01,-2.41,-0.8,-2.09,-6.9,-6.42,-7.22,-6.26,-5.78,-7.87,-10.11,-8.51,-9.95,-11.56,-7.7,-7.38,-8.67,-8.35
121,VSC,Công nghiệp - Hàng không,5032.71,0.0,-1.15,-1.84,-0.46,-1.84,-4.14,-7.13,-6.9,-8.74,-10.34,-13.45,-13.1,-9.54,-9.89,-11.03,-9.77,-9.77,-10.34,-10.23,-8.74,-4.6,-5.06,-5.29,-6.32,-6.44,-6.44,-6.44,-1.84,-1.15,-1.15,-2.41,-1.26,-5.06,-2.64,-2.76,-3.56,-4.6,2.07,2.3,4.83,2.53,9.66,8.74,9.66,2.3,1.15,2.76,2.3,3.45,2.99,1.84,2.3,3.33,3.56,4.83,8.51,6.55,5.86,6.32,6.32,5.75,3.45,0.0,-3.45,-3.33,-0.8,0.8,1.95,6.21,8.28,8.05,8.74,8.74,1.15,3.68,4.94,7.59,11.84,19.54,20.46,21.15,12.76,18.16,17.47,9.31,1.72,-4.83,0.57,-0.46,2.3,1.26,-1.03,-0.57,6.32,7.82,10.23,11.03,9.2,14.71,13.79,17.24,21.61,23.45,20.69,26.21,17.47,9.31,9.66,5.29,11.95,15.4,9.2,4.83,-2.41,4.14,1.84,3.22,1.15,-2.99,-4.25
122,VSH,Năng lượng,10394.61,0.0,0.0,0.17,0.0,-0.69,-0.35,-0.35,-1.04,-1.39,-2.08,-3.47,-3.47,-3.82,0.35,-0.35,-3.47,-2.78,-1.74,-1.91,-1.22,0.0,-0.17,-0.69,-0.69,-1.39,-0.87,-1.04,-1.04,-1.04,-1.04,-1.22,-1.04,-1.91,-1.22,-1.04,-1.04,-0.69,-0.52,-1.04,0.0,0.0,-1.04,-1.04,-0.87,-1.39,-1.39,-0.35,0.0,-0.35,0.35,-0.35,-0.35,-0.35,-0.35,0.0,0.35,0.0,0.69,7.64,14.58,11.11,11.11,13.37,11.46,5.9,8.33,8.68,8.51,15.97,13.37,10.42,9.03,6.25,-0.69,3.47,-0.69,6.25,13.54,16.15,14.76,22.57,14.06,16.32,20.49,12.15,4.34,-2.95,3.82,7.29,12.85,12.5,7.64,7.64,10.59,14.24,17.01,21.35,25.0,28.47,28.47,30.21,35.59,41.67,43.06,45.83,37.15,41.32,42.88,43.75,53.65,60.94,62.5,56.25,45.31,51.04,52.08,52.43,54.51,55.9,56.25
